词语,第二层级,第三层级
愛,HSK1級,
八,HSK1級,
爸爸,HSK1級,
杯子,HSK1級,
北京,HSK1級,
本,HSK1級,
不,HSK1級,
不客氣,HSK1級,
菜,HSK1級,
茶,HSK1級,
喫,HSK1級,
出租車,HSK1級,
打電話,HSK1級,
大,HSK1級,
的,HSK1級,
點,HSK1級,
電腦,HSK1級,
電視,HSK1級,
電影,HSK1級,
東西,HSK1級,
都,HSK1級,
讀,HSK1級,
對不起,HSK1級,
多,HSK1級,
多少,HSK1級,
兒子,HSK1級,
二,HSK1級,
飯店,HSK1級,
飛機,HSK1級,
分鐘,HSK1級,
高興,HSK1級,
個,HSK1級,
工作,HSK1級,
狗,HSK1級,
漢語,HSK1級,
好,HSK1級,
號,HSK1級,
喝,HSK1級,
和,HSK1級,
很,HSK1級,
後面,HSK1級,
回,HSK1級,
會,HSK1級,
幾,HSK1級,
家,HSK1級,
叫,HSK1級,
今天,HSK1級,
九,HSK1級,
開,HSK1級,
看,HSK1級,
看見,HSK1級,
塊,HSK1級,
來,HSK1級,
老師,HSK1級,
了,HSK1級,
冷,HSK1級,
裏,HSK1級,
六,HSK1級,
媽媽,HSK1級,
嗎,HSK1級,
買,HSK1級,
貓,HSK1級,
沒關係,HSK1級,
沒有,HSK1級,
米飯,HSK1級,
名字,HSK1級,
明天,HSK1級,
哪,HSK1級,
哪兒,HSK1級,
那,HSK1級,
呢,HSK1級,
能,HSK1級,
你,HSK1級,
年,HSK1級,
女兒,HSK1級,
朋友,HSK1級,
漂亮,HSK1級,
蘋果,HSK1級,
七,HSK1級,
前面,HSK1級,
錢,HSK1級,
請,HSK1級,
去,HSK1級,
熱,HSK1級,
人,HSK1級,
認識,HSK1級,
三,HSK1級,
商店,HSK1級,
上,HSK1級,
上午,HSK1級,
少,HSK1級,
誰,HSK1級,
什麼,HSK1級,
十,HSK1級,
時候,HSK1級,
是,HSK1級,
書,HSK1級,
水,HSK1級,
水果,HSK1級,
睡覺,HSK1級,
說,HSK1級,
四,HSK1級,
歲,HSK1級,
他,HSK1級,
她,HSK1級,
太,HSK1級,
天氣,HSK1級,
聽,HSK1級,
同學,HSK1級,
喂,HSK1級,
我,HSK1級,
我們,HSK1級,
五,HSK1級,
喜歡,HSK1級,
下,HSK1級,
下午,HSK1級,
下雨,HSK1級,
先生,HSK1級,
現在,HSK1級,
想,HSK1級,
小,HSK1級,
小姐,HSK1級,
些,HSK1級,
寫,HSK1級,
謝謝,HSK1級,
星期,HSK1級,
學生,HSK1級,
學習,HSK1級,
學校,HSK1級,
一,HSK1級,
一點兒,HSK1級,
衣服,HSK1級,
醫生,HSK1級,
醫院,HSK1級,
椅子,HSK1級,
有,HSK1級,
月,HSK1級,
再見,HSK1級,
在,HSK1級,
怎麼,HSK1級,
怎麼樣,HSK1級,
這,HSK1級,
中國,HSK1級,
中午,HSK1級,
住,HSK1級,
桌子,HSK1級,
字,HSK1級,
昨天,HSK1級,
坐,HSK1級,
做,HSK1級,
吧,HSK2級,
白,HSK2級,
百,HSK2級,
幫助,HSK2級,
報紙,HSK2級,
比,HSK2級,
別,HSK2級,
賓館,HSK2級,
長,HSK2級,
唱歌,HSK2級,
出,HSK2級,
穿,HSK2級,
次,HSK2級,
從,HSK2級,
錯,HSK2級,
打籃球,HSK2級,
大家,HSK2級,
到,HSK2級,
得,HSK2級,
等,HSK2級,
弟弟,HSK2級,
第一,HSK2級,
懂,HSK2級,
對,HSK2級,
房間,HSK2級,
非常,HSK2級,
服務員,HSK2級,
高,HSK2級,
告訴,HSK2級,
哥哥,HSK2級,
給,HSK2級,
公共汽車,HSK2級,
公司,HSK2級,
貴,HSK2級,
過,HSK2級,
還,HSK2級,
孩子,HSK2級,
好喫,HSK2級,
黑,HSK2級,
紅,HSK2級,
火車站,HSK2級,
機場,HSK2級,
雞蛋,HSK2級,
件,HSK2級,
教室,HSK2級,
姐姐,HSK2級,
介紹,HSK2級,
進,HSK2級,
近,HSK2級,
就,HSK2級,
覺得,HSK2級,
咖啡,HSK2級,
開始,HSK2級,
考試,HSK2級,
可能,HSK2級,
可以,HSK2級,
課,HSK2級,
快,HSK2級,
快樂,HSK2級,
累,HSK2級,
離,HSK2級,
兩,HSK2級,
零,HSK2級,
路,HSK2級,
旅遊,HSK2級,
賣,HSK2級,
慢,HSK2級,
忙,HSK2級,
每,HSK2級,
妹妹,HSK2級,
門,HSK2級,
麪條,HSK2級,
男,HSK2級,
您,HSK2級,
牛奶,HSK2級,
女,HSK2級,
旁邊,HSK2級,
跑步,HSK2級,
便宜,HSK2級,
票,HSK2級,
妻子,HSK2級,
起牀,HSK2級,
千,HSK2級,
鉛筆,HSK2級,
晴,HSK2級,
去年,HSK2級,
讓,HSK2級,
日,HSK2級,
上班,HSK2級,
身體,HSK2級,
生病,HSK2級,
生日,HSK2級,
時間,HSK2級,
事情,HSK2級,
手錶,HSK2級,
手機,HSK2級,
說話,HSK2級,
送,HSK2級,
雖然……但是……,HSK2級,
它,HSK2級,
踢足球,HSK2級,
題,HSK2級,
跳舞,HSK2級,
外,HSK2級,
完,HSK2級,
玩,HSK2級,
晚上,HSK2級,
往,HSK2級,
爲什麼,HSK2級,
問,HSK2級,
問題,HSK2級,
西瓜,HSK2級,
希望,HSK2級,
洗,HSK2級,
小時,HSK2級,
笑,HSK2級,
新,HSK2級,
姓,HSK2級,
休息,HSK2級,
雪,HSK2級,
顏色,HSK2級,
眼睛,HSK2級,
羊肉,HSK2級,
藥,HSK2級,
要,HSK2級,
也,HSK2級,
一起,HSK2級,
一下,HSK2級,
已經,HSK2級,
意思,HSK2級,
因爲……所以……,HSK2級,
陰,HSK2級,
游泳,HSK2級,
右邊,HSK2級,
魚,HSK2級,
遠,HSK2級,
運動,HSK2級,
再,HSK2級,
早上,HSK2級,
丈夫,HSK2級,
找,HSK2級,
着,HSK2級,
真,HSK2級,
正在,HSK2級,
知道,HSK2級,
準備,HSK2級,
走,HSK2級,
最,HSK2級,
左邊,HSK2級,
阿姨,HSK3級,
啊,HSK3級,
矮,HSK3級,
愛好,HSK3級,
安靜,HSK3級,
把,HSK3級,
班,HSK3級,
搬,HSK3級,
辦法,HSK3級,
辦公室,HSK3級,
半,HSK3級,
幫忙,HSK3級,
包,HSK3級,
飽,HSK3級,
北方,HSK3級,
被,HSK3級,
鼻子,HSK3級,
比較,HSK3級,
比賽,HSK3級,
筆記本,HSK3級,
必須,HSK3級,
變化,HSK3級,
別人,HSK3級,
冰箱,HSK3級,
不但……而且……,HSK3級,
菜單,HSK3級,
參加,HSK3級,
草,HSK3級,
層,HSK3級,
差,HSK3級,
超市,HSK3級,
襯衫,HSK3級,
成績,HSK3級,
城市,HSK3級,
遲到,HSK3級,
除了,HSK3級,
船,HSK3級,
春,HSK3級,
詞典,HSK3級,
聰明,HSK3級,
打掃,HSK3級,
打算,HSK3級,
帶,HSK3級,
擔心,HSK3級,
蛋糕,HSK3級,
當然,HSK3級,
地,HSK3級,
燈,HSK3級,
地方,HSK3級,
地鐵,HSK3級,
地圖,HSK3級,
電梯,HSK3級,
電子郵件,HSK3級,
東,HSK3級,
冬,HSK3級,
動物,HSK3級,
短,HSK3級,
段,HSK3級,
鍛鍊,HSK3級,
多麼,HSK3級,
餓,HSK3級,
耳朵,HSK3級,
發,HSK3級,
發燒,HSK3級,
發現,HSK3級,
方便,HSK3級,
放,HSK3級,
放心,HSK3級,
分,HSK3級,
附近,HSK3級,
複習,HSK3級,
乾淨,HSK3級,
感冒,HSK3級,
感興趣,HSK3級,
剛纔,HSK3級,
個子,HSK3級,
根據,HSK3級,
跟,HSK3級,
更,HSK3級,
公斤,HSK3級,
公園,HSK3級,
故事,HSK3級,
颳風,HSK3級,
關,HSK3級,
關係,HSK3級,
關心,HSK3級,
關於,HSK3級,
國家,HSK3級,
過去,HSK3級,
還是,HSK3級,
害怕,HSK3級,
黑板,HSK3級,
後來,HSK3級,
護照,HSK3級,
花,HSK3級,
畫,HSK3級,
壞,HSK3級,
歡迎,HSK3級,
環境,HSK3級,
換,HSK3級,
黃河,HSK3級,
回答,HSK3級,
會議,HSK3級,
或者,HSK3級,
幾乎,HSK3級,
機會,HSK3級,
極,HSK3級,
記得,HSK3級,
季節,HSK3級,
檢查,HSK3級,
簡單,HSK3級,
見面,HSK3級,
健康,HSK3級,
講,HSK3級,
教,HSK3級,
角,HSK3級,
腳,HSK3級,
接,HSK3級,
街道,HSK3級,
節目,HSK3級,
節日,HSK3級,
結婚,HSK3級,
結束,HSK3級,
解決,HSK3級,
借,HSK3級,
經常,HSK3級,
經過,HSK3級,
經理,HSK3級,
久,HSK3級,
舊,HSK3級,
句子,HSK3級,
決定,HSK3級,
可愛,HSK3級,
渴,HSK3級,
刻,HSK3級,
客人,HSK3級,
空調,HSK3級,
口,HSK3級,
哭,HSK3級,
褲子,HSK3級,
筷子,HSK3級,
藍,HSK3級,
老,HSK3級,
離開,HSK3級,
禮物,HSK3級,
歷史,HSK3級,
臉,HSK3級,
練習,HSK3級,
輛,HSK3級,
聊天,HSK3級,
瞭解,HSK3級,
鄰居,HSK3級,
留學,HSK3級,
樓,HSK3級,
綠,HSK3級,
馬,HSK3級,
馬上,HSK3級,
滿意,HSK3級,
帽子,HSK3級,
米,HSK3級,
麪包,HSK3級,
明白,HSK3級,
拿,HSK3級,
奶奶,HSK3級,
南,HSK3級,
難,HSK3級,
難過,HSK3級,
年級,HSK3級,
年輕,HSK3級,
鳥,HSK3級,
努力,HSK3級,
爬山,HSK3級,
盤子,HSK3級,
胖,HSK3級,
皮鞋,HSK3級,
啤酒,HSK3級,
瓶子,HSK3級,
其實,HSK3級,
其他,HSK3級,
奇怪,HSK3級,
騎,HSK3級,
起飛,HSK3級,
起來,HSK3級,
清楚,HSK3級,
請假,HSK3級,
秋,HSK3級,
裙子,HSK3級,
然後,HSK3級,
熱情,HSK3級,
認爲,HSK3級,
認真,HSK3級,
容易,HSK3級,
如果,HSK3級,
傘,HSK3級,
上網,HSK3級,
生氣,HSK3級,
聲音,HSK3級,
世界,HSK3級,
試,HSK3級,
瘦,HSK3級,
叔叔,HSK3級,
舒服,HSK3級,
樹,HSK3級,
數學,HSK3級,
刷牙,HSK3級,
雙,HSK3級,
水平,HSK3級,
司機,HSK3級,
太陽,HSK3級,
特別,HSK3級,
疼,HSK3級,
提高,HSK3級,
體育,HSK3級,
甜,HSK3級,
條,HSK3級,
同事,HSK3級,
同意,HSK3級,
頭髮,HSK3級,
突然,HSK3級,
圖書館,HSK3級,
腿,HSK3級,
完成,HSK3級,
碗,HSK3級,
萬,HSK3級,
忘記,HSK3級,
爲,HSK3級,
爲了,HSK3級,
位,HSK3級,
文化,HSK3級,
西,HSK3級,
習慣,HSK3級,
洗手間,HSK3級,
洗澡,HSK3級,
夏,HSK3級,
先,HSK3級,
相信,HSK3級,
香蕉,HSK3級,
向,HSK3級,
像,HSK3級,
小心,HSK3級,
校長,HSK3級,
新聞,HSK3級,
新鮮,HSK3級,
信用卡,HSK3級,
行李箱,HSK3級,
熊貓,HSK3級,
需要,HSK3級,
選擇,HSK3級,
要求,HSK3級,
爺爺,HSK3級,
一般,HSK3級,
一邊,HSK3級,
一定,HSK3級,
一共,HSK3級,
一會兒,HSK3級,
一樣,HSK3級,
一直,HSK3級,
以前,HSK3級,
音樂,HSK3級,
銀行,HSK3級,
飲料,HSK3級,
應該,HSK3級,
影響,HSK3級,
用,HSK3級,
遊戲,HSK3級,
有名,HSK3級,
又,HSK3級,
遇到,HSK3級,
元,HSK3級,
願意,HSK3級,
月亮,HSK3級,
越,HSK3級,
站,HSK3級,
張,HSK3級,
着急,HSK3級,
照顧,HSK3級,
照片,HSK3級,
照相機,HSK3級,
只,HSK3級,
只有……才……,HSK3級,
中間,HSK3級,
中文,HSK3級,
終於,HSK3級,
種,HSK3級,
重要,HSK3級,
週末,HSK3級,
主要,HSK3級,
注意,HSK3級,
自己,HSK3級,
自行車,HSK3級,
總是,HSK3級,
嘴,HSK3級,
最後,HSK3級,
最近,HSK3級,
作業,HSK3級,
愛情,HSK4級,
安排,HSK4級,
安全,HSK4級,
按時,HSK4級,
按照,HSK4級,
百分之,HSK4級,
棒,HSK4級,
包子,HSK4級,
保護,HSK4級,
保證,HSK4級,
報名,HSK4級,
抱,HSK4級,
抱歉,HSK4級,
倍,HSK4級,
本來,HSK4級,
笨,HSK4級,
比如,HSK4級,
畢業,HSK4級,
遍,HSK4級,
標準,HSK4級,
表格,HSK4級,
表示,HSK4級,
表演,HSK4級,
表揚,HSK4級,
餅乾,HSK4級,
並且,HSK4級,
博士,HSK4級,
不得不,HSK4級,
不管,HSK4級,
不過,HSK4級,
不僅,HSK4級,
部分,HSK4級,
擦,HSK4級,
猜,HSK4級,
材料,HSK4級,
參觀,HSK4級,
餐廳,HSK4級,
廁所,HSK4級,
差不多,HSK4級,
長城,HSK4級,
長江,HSK4級,
嘗,HSK4級,
場,HSK4級,
超過,HSK4級,
成功,HSK4級,
成爲,HSK4級,
誠實,HSK4級,
乘坐,HSK4級,
喫驚,HSK4級,
重新,HSK4級,
抽菸,HSK4級,
出差,HSK4級,
出發,HSK4級,
出生,HSK4級,
出現,HSK4級,
廚房,HSK4級,
傳真,HSK4級,
窗戶,HSK4級,
詞語,HSK4級,
從來,HSK4級,
粗心,HSK4級,
存,HSK4級,
錯誤,HSK4級,
答案,HSK4級,
打扮,HSK4級,
打擾,HSK4級,
打印,HSK4級,
打招呼,HSK4級,
打折,HSK4級,
打針,HSK4級,
大概,HSK4級,
大使館,HSK4級,
大約,HSK4級,
大夫,HSK4級,
戴,HSK4級,
當,HSK4級,
當時,HSK4級,
刀,HSK4級,
導遊,HSK4級,
到處,HSK4級,
到底,HSK4級,
倒,HSK4級,
道歉,HSK4級,
得意,HSK4級,
登機牌,HSK4級,
低,HSK4級,
底,HSK4級,
地點,HSK4級,
地球,HSK4級,
地址,HSK4級,
調查,HSK4級,
掉,HSK4級,
丟,HSK4級,
動作,HSK4級,
堵車,HSK4級,
肚子,HSK4級,
短信,HSK4級,
對話,HSK4級,
對面,HSK4級,
對於,HSK4級,
兒童,HSK4級,
而,HSK4級,
發生,HSK4級,
發展,HSK4級,
法律,HSK4級,
翻譯,HSK4級,
煩惱,HSK4級,
反對,HSK4級,
方法,HSK4級,
方面,HSK4級,
方向,HSK4級,
房東,HSK4級,
放棄,HSK4級,
放暑假,HSK4級,
放鬆,HSK4級,
份,HSK4級,
豐富,HSK4級,
否則,HSK4級,
符合,HSK4級,
父親,HSK4級,
付款,HSK4級,
負責,HSK4級,
複印,HSK4級,
複雜,HSK4級,
富,HSK4級,
改變,HSK4級,
乾杯,HSK4級,
趕,HSK4級,
敢,HSK4級,
感動,HSK4級,
感覺,HSK4級,
感情,HSK4級,
感謝,HSK4級,
幹,HSK4級,
剛,HSK4級,
高速公路,HSK4級,
胳膊,HSK4級,
各,HSK4級,
工資,HSK4級,
公里,HSK4級,
功夫,HSK4級,
共同,HSK4級,
購物,HSK4級,
夠,HSK4級,
估計,HSK4級,
鼓勵,HSK4級,
故意,HSK4級,
顧客,HSK4級,
掛,HSK4級,
關鍵,HSK4級,
觀衆,HSK4級,
管理,HSK4級,
光,HSK4級,
廣播,HSK4級,
廣告,HSK4級,
逛,HSK4級,
規定,HSK4級,
國籍,HSK4級,
國際,HSK4級,
果汁,HSK4級,
過程,HSK4級,
海洋,HSK4級,
害羞,HSK4級,
寒假,HSK4級,
汗,HSK4級,
航班,HSK4級,
好處,HSK4級,
好像,HSK4級,
號碼,HSK4級,
合格,HSK4級,
合適,HSK4級,
盒子,HSK4級,
後悔,HSK4級,
厚,HSK4級,
互聯網,HSK4級,
互相,HSK4級,
護士,HSK4級,
懷疑,HSK4級,
回憶,HSK4級,
活動,HSK4級,
活潑,HSK4級,
火,HSK4級,
獲得,HSK4級,
積極,HSK4級,
積累,HSK4級,
基礎,HSK4級,
激動,HSK4級,
及時,HSK4級,
即使,HSK4級,
計劃,HSK4級,
記者,HSK4級,
技術,HSK4級,
既然,HSK4級,
繼續,HSK4級,
寄,HSK4級,
加班,HSK4級,
加油站,HSK4級,
傢俱,HSK4級,
假,HSK4級,
價格,HSK4級,
堅持,HSK4級,
減肥,HSK4級,
減少,HSK4級,
建議,HSK4級,
將來,HSK4級,
獎金,HSK4級,
降低,HSK4級,
降落,HSK4級,
交,HSK4級,
交流,HSK4級,
交通,HSK4級,
郊區,HSK4級,
驕傲,HSK4級,
餃子,HSK4級,
教授,HSK4級,
教育,HSK4級,
接受,HSK4級,
接着,HSK4級,
節,HSK4級,
節約,HSK4級,
結果,HSK4級,
解釋,HSK4級,
儘管,HSK4級,
緊張,HSK4級,
進行,HSK4級,
禁止,HSK4級,
京劇,HSK4級,
經濟,HSK4級,
經歷,HSK4級,
經驗,HSK4級,
精彩,HSK4級,
景色,HSK4級,
警察,HSK4級,
競爭,HSK4級,
竟然,HSK4級,
鏡子,HSK4級,
究竟,HSK4級,
舉,HSK4級,
舉辦,HSK4級,
舉行,HSK4級,
拒絕,HSK4級,
距離,HSK4級,
聚會,HSK4級,
開玩笑,HSK4級,
開心,HSK4級,
看法,HSK4級,
考慮,HSK4級,
烤鴨,HSK4級,
科學,HSK4級,
棵,HSK4級,
咳嗽,HSK4級,
可憐,HSK4級,
可是,HSK4級,
可惜,HSK4級,
客廳,HSK4級,
肯定,HSK4級,
空,HSK4級,
空氣,HSK4級,
恐怕,HSK4級,
苦,HSK4級,
礦泉水,HSK4級,
困,HSK4級,
困難,HSK4級,
垃圾桶,HSK4級,
拉,HSK4級,
辣,HSK4級,
來不及,HSK4級,
來得及,HSK4級,
來自,HSK4級,
懶,HSK4級,
浪費,HSK4級,
浪漫,HSK4級,
老虎,HSK4級,
冷靜,HSK4級,
禮拜天,HSK4級,
禮貌,HSK4級,
理髮,HSK4級,
理解,HSK4級,
理想,HSK4級,
力氣,HSK4級,
厲害,HSK4級,
例如,HSK4級,
倆,HSK4級,
連,HSK4級,
聯繫,HSK4級,
涼快,HSK4級,
零錢,HSK4級,
另外,HSK4級,
留,HSK4級,
流利,HSK4級,
流行,HSK4級,
旅行,HSK4級,
律師,HSK4級,
亂,HSK4級,
麻煩,HSK4級,
馬虎,HSK4級,
滿,HSK4級,
毛,HSK4級,
毛巾,HSK4級,
美麗,HSK4級,
夢,HSK4級,
迷路,HSK4級,
密碼,HSK4級,
免費,HSK4級,
秒,HSK4級,
民族,HSK4級,
母親,HSK4級,
目的,HSK4級,
耐心,HSK4級,
難道,HSK4級,
難受,HSK4級,
內,HSK4級,
內容,HSK4級,
能力,HSK4級,
年齡,HSK4級,
弄,HSK4級,
暖和,HSK4級,
偶爾,HSK4級,
排隊,HSK4級,
排列,HSK4級,
判斷,HSK4級,
陪,HSK4級,
批評,HSK4級,
皮膚,HSK4級,
脾氣,HSK4級,
篇,HSK4級,
騙,HSK4級,
乒乓球,HSK4級,
平時,HSK4級,
破,HSK4級,
葡萄,HSK4級,
普遍,HSK4級,
普通話,HSK4級,
其次,HSK4級,
其中,HSK4級,
氣候,HSK4級,
千萬,HSK4級,
簽證,HSK4級,
敲,HSK4級,
橋,HSK4級,
巧克力,HSK4級,
親戚,HSK4級,
輕,HSK4級,
輕鬆,HSK4級,
情況,HSK4級,
窮,HSK4級,
區別,HSK4級,
取,HSK4級,
全部,HSK4級,
缺點,HSK4級,
缺少,HSK4級,
卻,HSK4級,
確實,HSK4級,
然而,HSK4級,
熱鬧,HSK4級,
任何,HSK4級,
任務,HSK4級,
扔,HSK4級,
仍然,HSK4級,
日記,HSK4級,
入口,HSK4級,
散步,HSK4級,
森林,HSK4級,
沙發,HSK4級,
傷心,HSK4級,
商量,HSK4級,
稍微,HSK4級,
勺子,HSK4級,
社會,HSK4級,
申請,HSK4級,
深,HSK4級,
甚至,HSK4級,
生活,HSK4級,
生命,HSK4級,
生意,HSK4級,
省,HSK4級,
剩,HSK4級,
失敗,HSK4級,
失望,HSK4級,
師傅,HSK4級,
十分,HSK4級,
實際,HSK4級,
實在,HSK4級,
使,HSK4級,
使用,HSK4級,
世紀,HSK4級,
是否,HSK4級,
適合,HSK4級,
適應,HSK4級,
收,HSK4級,
收入,HSK4級,
收拾,HSK4級,
首都,HSK4級,
首先,HSK4級,
受不了,HSK4級,
受到,HSK4級,
售貨員,HSK4級,
輸,HSK4級,
熟悉,HSK4級,
數量,HSK4級,
數字,HSK4級,
帥,HSK4級,
順便,HSK4級,
順利,HSK4級,
順序,HSK4級,
說明,HSK4級,
碩士,HSK4級,
死,HSK4級,
速度,HSK4級,
塑料袋,HSK4級,
酸,HSK4級,
隨便,HSK4級,
隨着,HSK4級,
孫子,HSK4級,
所有,HSK4級,
臺,HSK4級,
抬,HSK4級,
態度,HSK4級,
談,HSK4級,
彈鋼琴,HSK4級,
湯,HSK4級,
糖,HSK4級,
躺,HSK4級,
趟,HSK4級,
討論,HSK4級,
討厭,HSK4級,
特點,HSK4級,
提,HSK4級,
提供,HSK4級,
提前,HSK4級,
提醒,HSK4級,
填空,HSK4級,
條件,HSK4級,
停,HSK4級,
挺,HSK4級,
通過,HSK4級,
通知,HSK4級,
同情,HSK4級,
同時,HSK4級,
推,HSK4級,
推遲,HSK4級,
脫,HSK4級,
襪子,HSK4級,
完全,HSK4級,
網球,HSK4級,
網站,HSK4級,
往往,HSK4級,
危險,HSK4級,
衛生間,HSK4級,
味道,HSK4級,
溫度,HSK4級,
文章,HSK4級,
污染,HSK4級,
無,HSK4級,
無聊,HSK4級,
無論,HSK4級,
誤會,HSK4級,
西紅柿,HSK4級,
吸引,HSK4級,
鹹,HSK4級,
現金,HSK4級,
羨慕,HSK4級,
相反,HSK4級,
相同,HSK4級,
香,HSK4級,
詳細,HSK4級,
響,HSK4級,
橡皮,HSK4級,
消息,HSK4級,
小喫,HSK4級,
小夥子,HSK4級,
小說,HSK4級,
笑話,HSK4級,
效果,HSK4級,
心情,HSK4級,
辛苦,HSK4級,
信封,HSK4級,
信息,HSK4級,
信心,HSK4級,
興奮,HSK4級,
行,HSK4級,
醒,HSK4級,
幸福,HSK4級,
性別,HSK4級,
性格,HSK4級,
修理,HSK4級,
許多,HSK4級,
學期,HSK4級,
壓力,HSK4級,
呀,HSK4級,
牙膏,HSK4級,
亞洲,HSK4級,
嚴格,HSK4級,
嚴重,HSK4級,
研究,HSK4級,
鹽,HSK4級,
眼鏡,HSK4級,
演出,HSK4級,
演員,HSK4級,
陽光,HSK4級,
養成,HSK4級,
樣子,HSK4級,
邀請,HSK4級,
要是,HSK4級,
鑰匙,HSK4級,
也許,HSK4級,
葉子,HSK4級,
頁,HSK4級,
一切,HSK4級,
以,HSK4級,
以爲,HSK4級,
藝術,HSK4級,
意見,HSK4級,
因此,HSK4級,
引起,HSK4級,
印象,HSK4級,
贏,HSK4級,
應聘,HSK4級,
永遠,HSK4級,
勇敢,HSK4級,
優點,HSK4級,
優秀,HSK4級,
幽默,HSK4級,
尤其,HSK4級,
由,HSK4級,
由於,HSK4級,
郵局,HSK4級,
友好,HSK4級,
友誼,HSK4級,
有趣,HSK4級,
於是,HSK4級,
愉快,HSK4級,
與,HSK4級,
羽毛球,HSK4級,
語法,HSK4級,
語言,HSK4級,
預習,HSK4級,
原來,HSK4級,
原諒,HSK4級,
原因,HSK4級,
約會,HSK4級,
閱讀,HSK4級,
雲,HSK4級,
允許,HSK4級,
雜誌,HSK4級,
咱們,HSK4級,
暫時,HSK4級,
髒,HSK4級,
責任,HSK4級,
增加,HSK4級,
佔線,HSK4級,
招聘,HSK4級,
照,HSK4級,
真正,HSK4級,
整理,HSK4級,
正常,HSK4級,
正好,HSK4級,
正確,HSK4級,
正式,HSK4級,
證明,HSK4級,
之,HSK4級,
支持,HSK4級,
知識,HSK4級,
直接,HSK4級,
值得,HSK4級,
職業,HSK4級,
植物,HSK4級,
只好,HSK4級,
只要,HSK4級,
指,HSK4級,
至少,HSK4級,
質量,HSK4級,
重,HSK4級,
重點,HSK4級,
重視,HSK4級,
周圍,HSK4級,
主意,HSK4級,
祝賀,HSK4級,
著名,HSK4級,
專門,HSK4級,
專業,HSK4級,
轉,HSK4級,
賺,HSK4級,
準確,HSK4級,
準時,HSK4級,
仔細,HSK4級,
自然,HSK4級,
自信,HSK4級,
總結,HSK4級,
租,HSK4級,
最好,HSK4級,
尊重,HSK4級,
左右,HSK4級,
作家,HSK4級,
作用,HSK4級,
作者,HSK4級,
座,HSK4級,
座位,HSK4級,
哎,HSK5級,
唉,HSK5級,
愛護,HSK5級,
愛惜,HSK5級,
愛心,HSK5級,
安慰,HSK5級,
安裝,HSK5級,
岸,HSK5級,
暗,HSK5級,
熬夜,HSK5級,
把握,HSK5級,
擺,HSK5級,
辦理,HSK5級,
傍晚,HSK5級,
包裹,HSK5級,
包含,HSK5級,
包括,HSK5級,
薄,HSK5級,
寶貝,HSK5級,
寶貴,HSK5級,
保持,HSK5級,
保存,HSK5級,
保留,HSK5級,
保險,HSK5級,
報到,HSK5級,
報道,HSK5級,
報告,HSK5級,
報社,HSK5級,
抱怨,HSK5級,
背,HSK5級,
悲觀,HSK5級,
背景,HSK5級,
被子,HSK5級,
本科,HSK5級,
本領,HSK5級,
本質,HSK5級,
比例,HSK5級,
彼此,HSK5級,
必然,HSK5級,
必要,HSK5級,
畢竟,HSK5級,
避免,HSK5級,
編輯,HSK5級,
鞭炮,HSK5級,
便,HSK5級,
辯論,HSK5級,
標點,HSK5級,
標誌,HSK5級,
表達,HSK5級,
表面,HSK5級,
表明,HSK5級,
表情,HSK5級,
表現,HSK5級,
冰激凌,HSK5級,
病毒,HSK5級,
玻璃,HSK5級,
播放,HSK5級,
脖子,HSK5級,
博物館,HSK5級,
補充,HSK5級,
不安,HSK5級,
不得了,HSK5級,
不斷,HSK5級,
不見得,HSK5級,
不耐煩,HSK5級,
不然,HSK5級,
不如,HSK5級,
不要緊,HSK5級,
不足,HSK5級,
布,HSK5級,
步驟,HSK5級,
部門,HSK5級,
財產,HSK5級,
採訪,HSK5級,
採取,HSK5級,
彩虹,HSK5級,
踩,HSK5級,
參考,HSK5級,
參與,HSK5級,
慚愧,HSK5級,
操場,HSK5級,
操心,HSK5級,
冊,HSK5級,
測驗,HSK5級,
曾經,HSK5級,
叉子,HSK5級,
差距,HSK5級,
插,HSK5級,
拆,HSK5級,
產品,HSK5級,
產生,HSK5級,
長途,HSK5級,
常識,HSK5級,
抄,HSK5級,
超級,HSK5級,
朝,HSK5級,
潮溼,HSK5級,
吵,HSK5級,
吵架,HSK5級,
炒,HSK5級,
車庫,HSK5級,
車廂,HSK5級,
徹底,HSK5級,
沉默,HSK5級,
趁,HSK5級,
稱,HSK5級,
稱呼,HSK5級,
稱讚,HSK5級,
成分,HSK5級,
成果,HSK5級,
成就,HSK5級,
成立,HSK5級,
成人,HSK5級,
成熟,HSK5級,
成語,HSK5級,
成長,HSK5級,
誠懇,HSK5級,
承擔,HSK5級,
承認,HSK5級,
承受,HSK5級,
程度,HSK5級,
程序,HSK5級,
喫虧,HSK5級,
池塘,HSK5級,
遲早,HSK5級,
持續,HSK5級,
尺子,HSK5級,
翅膀,HSK5級,
衝,HSK5級,
充電器,HSK5級,
充分,HSK5級,
充滿,HSK5級,
重複,HSK5級,
寵物,HSK5級,
抽屜,HSK5級,
抽象,HSK5級,
醜,HSK5級,
臭,HSK5級,
出版,HSK5級,
出口,HSK5級,
出色,HSK5級,
出示,HSK5級,
出席,HSK5級,
初級,HSK5級,
除非,HSK5級,
除夕,HSK5級,
處理,HSK5級,
傳播,HSK5級,
傳染,HSK5級,
傳說,HSK5級,
傳統,HSK5級,
窗簾,HSK5級,
闖,HSK5級,
創造,HSK5級,
吹,HSK5級,
詞彙,HSK5級,
辭職,HSK5級,
此外,HSK5級,
次要,HSK5級,
刺激,HSK5級,
匆忙,HSK5級,
從此,HSK5級,
從而,HSK5級,
從前,HSK5級,
從事,HSK5級,
粗糙,HSK5級,
促進,HSK5級,
促使,HSK5級,
醋,HSK5級,
催,HSK5級,
存在,HSK5級,
措施,HSK5級,
答應,HSK5級,
達到,HSK5級,
打工,HSK5級,
打交道,HSK5級,
打噴嚏,HSK5級,
打聽,HSK5級,
大方,HSK5級,
大廈,HSK5級,
大象,HSK5級,
大型,HSK5級,
呆,HSK5級,
代表,HSK5級,
代替,HSK5級,
貸款,HSK5級,
待遇,HSK5級,
擔任,HSK5級,
單純,HSK5級,
單調,HSK5級,
單獨,HSK5級,
單位,HSK5級,
單元,HSK5級,
耽誤,HSK5級,
膽小鬼,HSK5級,
淡,HSK5級,
當地,HSK5級,
當心,HSK5級,
擋,HSK5級,
導演,HSK5級,
導致,HSK5級,
島嶼,HSK5級,
倒黴,HSK5級,
到達,HSK5級,
道德,HSK5級,
道理,HSK5級,
登記,HSK5級,
等待,HSK5級,
等於,HSK5級,
滴,HSK5級,
的確,HSK5級,
敵人,HSK5級,
地道,HSK5級,
地理,HSK5級,
地區,HSK5級,
地毯,HSK5級,
地位,HSK5級,
地震,HSK5級,
遞,HSK5級,
點心,HSK5級,
電池,HSK5級,
電臺,HSK5級,
釣,HSK5級,
頂,HSK5級,
動畫片,HSK5級,
凍,HSK5級,
洞,HSK5級,
豆腐,HSK5級,
逗,HSK5級,
獨立,HSK5級,
獨特,HSK5級,
度過,HSK5級,
斷,HSK5級,
堆,HSK5級,
對比,HSK5級,
對待,HSK5級,
對方,HSK5級,
對手,HSK5級,
對象,HSK5級,
兌換,HSK5級,
噸,HSK5級,
蹲,HSK5級,
頓,HSK5級,
多虧,HSK5級,
多餘,HSK5級,
朵,HSK5級,
躲藏,HSK5級,
惡劣,HSK5級,
耳環,HSK5級,
發表,HSK5級,
發愁,HSK5級,
發達,HSK5級,
發抖,HSK5級,
發揮,HSK5級,
發明,HSK5級,
發票,HSK5級,
發言,HSK5級,
罰款,HSK5級,
法院,HSK5級,
翻,HSK5級,
繁榮,HSK5級,
反而,HSK5級,
反覆,HSK5級,
反應,HSK5級,
反映,HSK5級,
反正,HSK5級,
範圍,HSK5級,
方,HSK5級,
方案,HSK5級,
方式,HSK5級,
妨礙,HSK5級,
彷彿,HSK5級,
非,HSK5級,
肥皂,HSK5級,
廢話,HSK5級,
分別,HSK5級,
分佈,HSK5級,
分配,HSK5級,
分手,HSK5級,
分析,HSK5級,
紛紛,HSK5級,
奮鬥,HSK5級,
風格,HSK5級,
風景,HSK5級,
風俗,HSK5級,
風險,HSK5級,
瘋狂,HSK5級,
諷刺,HSK5級,
否定,HSK5級,
否認,HSK5級,
扶,HSK5級,
服裝,HSK5級,
幅,HSK5級,
輔導,HSK5級,
婦女,HSK5級,
複製,HSK5級,
改革,HSK5級,
改進,HSK5級,
改善,HSK5級,
改正,HSK5級,
蓋,HSK5級,
概括,HSK5級,
概念,HSK5級,
乾脆,HSK5級,
乾燥,HSK5級,
趕緊,HSK5級,
趕快,HSK5級,
感激,HSK5級,
感受,HSK5級,
感想,HSK5級,
幹活兒,HSK5級,
鋼鐵,HSK5級,
高檔,HSK5級,
高級,HSK5級,
搞,HSK5級,
告別,HSK5級,
格外,HSK5級,
隔壁,HSK5級,
個別,HSK5級,
個人,HSK5級,
個性,HSK5級,
各自,HSK5級,
根,HSK5級,
根本,HSK5級,
工廠,HSK5級,
工程師,HSK5級,
工具,HSK5級,
工人,HSK5級,
工業,HSK5級,
公佈,HSK5級,
公開,HSK5級,
公平,HSK5級,
公寓,HSK5級,
公元,HSK5級,
公主,HSK5級,
功能,HSK5級,
恭喜,HSK5級,
貢獻,HSK5級,
溝通,HSK5級,
構成,HSK5級,
姑姑,HSK5級,
姑娘,HSK5級,
古代,HSK5級,
古典,HSK5級,
股票,HSK5級,
骨頭,HSK5級,
鼓舞,HSK5級,
鼓掌,HSK5級,
固定,HSK5級,
掛號,HSK5級,
乖,HSK5級,
拐彎,HSK5級,
怪不得,HSK5級,
關閉,HSK5級,
觀察,HSK5級,
觀點,HSK5級,
觀念,HSK5級,
官,HSK5級,
管子,HSK5級,
冠軍,HSK5級,
光滑,HSK5級,
光臨,HSK5級,
光明,HSK5級,
光盤,HSK5級,
廣場,HSK5級,
廣大,HSK5級,
廣泛,HSK5級,
歸納,HSK5級,
規矩,HSK5級,
規律,HSK5級,
規模,HSK5級,
規則,HSK5級,
櫃檯,HSK5級,
滾,HSK5級,
鍋,HSK5級,
國慶節,HSK5級,
國王,HSK5級,
果然,HSK5級,
果實,HSK5級,
過分,HSK5級,
過敏,HSK5級,
過期,HSK5級,
哈,HSK5級,
海關,HSK5級,
海鮮,HSK5級,
喊,HSK5級,
行業,HSK5級,
豪華,HSK5級,
好客,HSK5級,
好奇,HSK5級,
合法,HSK5級,
合理,HSK5級,
合同,HSK5級,
合影,HSK5級,
合作,HSK5級,
何必,HSK5級,
何況,HSK5級,
和平,HSK5級,
核心,HSK5級,
恨,HSK5級,
猴子,HSK5級,
後背,HSK5級,
後果,HSK5級,
呼吸,HSK5級,
忽然,HSK5級,
忽視,HSK5級,
胡說,HSK5級,
衚衕,HSK5級,
壺,HSK5級,
蝴蝶,HSK5級,
糊塗,HSK5級,
花生,HSK5級,
劃,HSK5級,
華裔,HSK5級,
滑,HSK5級,
化學,HSK5級,
話題,HSK5級,
懷念,HSK5級,
懷孕,HSK5級,
緩解,HSK5級,
幻想,HSK5級,
慌張,HSK5級,
黃金,HSK5級,
灰,HSK5級,
灰塵,HSK5級,
灰心,HSK5級,
揮,HSK5級,
恢復,HSK5級,
匯率,HSK5級,
婚禮,HSK5級,
婚姻,HSK5級,
活躍,HSK5級,
火柴,HSK5級,
夥伴,HSK5級,
或許,HSK5級,
機器,HSK5級,
肌肉,HSK5級,
基本,HSK5級,
激烈,HSK5級,
及格,HSK5級,
極其,HSK5級,
急忙,HSK5級,
急診,HSK5級,
集合,HSK5級,
集體,HSK5級,
集中,HSK5級,
計算,HSK5級,
記錄,HSK5級,
記憶,HSK5級,
紀錄,HSK5級,
紀律,HSK5級,
紀念,HSK5級,
系領帶,HSK5級,
寂寞,HSK5級,
夾子,HSK5級,
家庭,HSK5級,
家務,HSK5級,
家鄉,HSK5級,
嘉賓,HSK5級,
甲,HSK5級,
假如,HSK5級,
假設,HSK5級,
假裝,HSK5級,
價值,HSK5級,
駕駛,HSK5級,
嫁,HSK5級,
堅決,HSK5級,
堅強,HSK5級,
肩膀,HSK5級,
艱鉅,HSK5級,
艱苦,HSK5級,
兼職,HSK5級,
撿,HSK5級,
剪刀,HSK5級,
簡歷,HSK5級,
簡直,HSK5級,
建立,HSK5級,
建設,HSK5級,
建築,HSK5級,
健身,HSK5級,
鍵盤,HSK5級,
講究,HSK5級,
講座,HSK5級,
醬油,HSK5級,
交換,HSK5級,
交際,HSK5級,
交往,HSK5級,
澆,HSK5級,
膠水,HSK5級,
角度,HSK5級,
狡猾,HSK5級,
教材,HSK5級,
教練,HSK5級,
教訓,HSK5級,
階段,HSK5級,
結實,HSK5級,
接觸,HSK5級,
接待,HSK5級,
接近,HSK5級,
節省,HSK5級,
結構,HSK5級,
結合,HSK5級,
結論,HSK5級,
結賬,HSK5級,
戒,HSK5級,
戒指,HSK5級,
屆,HSK5級,
藉口,HSK5級,
金屬,HSK5級,
儘快,HSK5級,
儘量,HSK5級,
緊急,HSK5級,
謹慎,HSK5級,
盡力,HSK5級,
進步,HSK5級,
進口,HSK5級,
近代,HSK5級,
經典,HSK5級,
經商,HSK5級,
經營,HSK5級,
精力,HSK5級,
精神,HSK5級,
酒吧,HSK5級,
救,HSK5級,
救護車,HSK5級,
舅舅,HSK5級,
居然,HSK5級,
桔子,HSK5級,
巨大,HSK5級,
具備,HSK5級,
具體,HSK5級,
俱樂部,HSK5級,
據說,HSK5級,
捐,HSK5級,
決賽,HSK5級,
決心,HSK5級,
角色,HSK5級,
絕對,HSK5級,
軍事,HSK5級,
均勻,HSK5級,
卡車,HSK5級,
開發,HSK5級,
開放,HSK5級,
開幕式,HSK5級,
開水,HSK5級,
砍,HSK5級,
看不起,HSK5級,
看望,HSK5級,
靠,HSK5級,
顆,HSK5級,
可見,HSK5級,
可靠,HSK5級,
可怕,HSK5級,
克,HSK5級,
克服,HSK5級,
刻苦,HSK5級,
客觀,HSK5級,
課程,HSK5級,
空間,HSK5級,
空閒,HSK5級,
控制,HSK5級,
口味,HSK5級,
誇,HSK5級,
誇張,HSK5級,
會計,HSK5級,
寬,HSK5級,
昆蟲,HSK5級,
擴大,HSK5級,
辣椒,HSK5級,
攔,HSK5級,
爛,HSK5級,
朗讀,HSK5級,
勞動,HSK5級,
勞駕,HSK5級,
老百姓,HSK5級,
老闆,HSK5級,
老婆,HSK5級,
老實,HSK5級,
老鼠,HSK5級,
姥姥,HSK5級,
樂觀,HSK5級,
雷,HSK5級,
類型,HSK5級,
冷淡,HSK5級,
釐米,HSK5級,
離婚,HSK5級,
梨,HSK5級,
理論,HSK5級,
理由,HSK5級,
力量,HSK5級,
立即,HSK5級,
立刻,HSK5級,
利潤,HSK5級,
利息,HSK5級,
利益,HSK5級,
利用,HSK5級,
連忙,HSK5級,
連續,HSK5級,
聯合,HSK5級,
戀愛,HSK5級,
良好,HSK5級,
糧食,HSK5級,
亮,HSK5級,
了不起,HSK5級,
列車,HSK5級,
臨時,HSK5級,
靈活,HSK5級,
鈴,HSK5級,
零件,HSK5級,
零食,HSK5級,
領導,HSK5級,
領域,HSK5級,
瀏覽,HSK5級,
流傳,HSK5級,
流淚,HSK5級,
龍,HSK5級,
漏,HSK5級,
陸地,HSK5級,
陸續,HSK5級,
錄取,HSK5級,
錄音,HSK5級,
輪流,HSK5級,
論文,HSK5級,
邏輯,HSK5級,
落後,HSK5級,
罵,HSK5級,
麥克風,HSK5級,
饅頭,HSK5級,
滿足,HSK5級,
毛病,HSK5級,
矛盾,HSK5級,
冒險,HSK5級,
貿易,HSK5級,
眉毛,HSK5級,
媒體,HSK5級,
煤炭,HSK5級,
美術,HSK5級,
魅力,HSK5級,
夢想,HSK5級,
祕密,HSK5級,
祕書,HSK5級,
密切,HSK5級,
蜜蜂,HSK5級,
面對,HSK5級,
面積,HSK5級,
面臨,HSK5級,
苗條,HSK5級,
描寫,HSK5級,
敏感,HSK5級,
名牌,HSK5級,
名片,HSK5級,
名勝古蹟,HSK5級,
明確,HSK5級,
明顯,HSK5級,
明星,HSK5級,
命令,HSK5級,
命運,HSK5級,
摸,HSK5級,
模仿,HSK5級,
模糊,HSK5級,
模特,HSK5級,
摩托車,HSK5級,
陌生,HSK5級,
某,HSK5級,
木頭,HSK5級,
目標,HSK5級,
目錄,HSK5級,
目前,HSK5級,
哪怕,HSK5級,
難怪,HSK5級,
難免,HSK5級,
腦袋,HSK5級,
內部,HSK5級,
內科,HSK5級,
嫩,HSK5級,
能幹,HSK5級,
能源,HSK5級,
嗯,HSK5級,
年代,HSK5級,
年紀,HSK5級,
念,HSK5級,
寧可,HSK5級,
牛仔褲,HSK5級,
農村,HSK5級,
農民,HSK5級,
農業,HSK5級,
濃,HSK5級,
女士,HSK5級,
歐洲,HSK5級,
偶然,HSK5級,
拍,HSK5級,
派,HSK5級,
盼望,HSK5級,
培訓,HSK5級,
培養,HSK5級,
賠償,HSK5級,
佩服,HSK5級,
配合,HSK5級,
盆,HSK5級,
碰,HSK5級,
批,HSK5級,
批准,HSK5級,
披,HSK5級,
疲勞,HSK5級,
匹,HSK5級,
片,HSK5級,
片面,HSK5級,
飄,HSK5級,
拼音,HSK5級,
頻道,HSK5級,
平,HSK5級,
平安,HSK5級,
平常,HSK5級,
平等,HSK5級,
平方,HSK5級,
平衡,HSK5級,
平靜,HSK5級,
平均,HSK5級,
評價,HSK5級,
憑,HSK5級,
迫切,HSK5級,
破產,HSK5級,
破壞,HSK5級,
期待,HSK5級,
期間,HSK5級,
其餘,HSK5級,
奇蹟,HSK5級,
企業,HSK5級,
啓發,HSK5級,
氣氛,HSK5級,
汽油,HSK5級,
謙虛,HSK5級,
籤,HSK5級,
前途,HSK5級,
淺,HSK5級,
欠,HSK5級,
槍,HSK5級,
強調,HSK5級,
強烈,HSK5級,
牆,HSK5級,
搶,HSK5級,
悄悄,HSK5級,
瞧,HSK5級,
巧妙,HSK5級,
切,HSK5級,
親愛,HSK5級,
親切,HSK5級,
親自,HSK5級,
勤奮,HSK5級,
青,HSK5級,
青春,HSK5級,
青少年,HSK5級,
輕視,HSK5級,
輕易,HSK5級,
清淡,HSK5級,
情景,HSK5級,
情緒,HSK5級,
請求,HSK5級,
慶祝,HSK5級,
球迷,HSK5級,
趨勢,HSK5級,
取消,HSK5級,
娶,HSK5級,
去世,HSK5級,
圈,HSK5級,
權力,HSK5級,
權利,HSK5級,
全面,HSK5級,
勸,HSK5級,
缺乏,HSK5級,
確定,HSK5級,
確認,HSK5級,
羣,HSK5級,
燃燒,HSK5級,
繞,HSK5級,
熱愛,HSK5級,
熱烈,HSK5級,
熱心,HSK5級,
人才,HSK5級,
人口,HSK5級,
人類,HSK5級,
人民幣,HSK5級,
人生,HSK5級,
人事,HSK5級,
人物,HSK5級,
人員,HSK5級,
忍不住,HSK5級,
日常,HSK5級,
日程,HSK5級,
日曆,HSK5級,
日期,HSK5級,
日用品,HSK5級,
日子,HSK5級,
如何,HSK5級,
如今,HSK5級,
軟,HSK5級,
軟件,HSK5級,
弱,HSK5級,
灑,HSK5級,
嗓子,HSK5級,
色彩,HSK5級,
殺,HSK5級,
沙漠,HSK5級,
沙灘,HSK5級,
傻,HSK5級,
曬,HSK5級,
刪除,HSK5級,
閃電,HSK5級,
扇子,HSK5級,
善良,HSK5級,
善於,HSK5級,
傷害,HSK5級,
商品,HSK5級,
商務,HSK5級,
商業,HSK5級,
上當,HSK5級,
蛇,HSK5級,
捨不得,HSK5級,
設備,HSK5級,
設計,HSK5級,
設施,HSK5級,
射擊,HSK5級,
攝影,HSK5級,
伸,HSK5級,
身材,HSK5級,
身份,HSK5級,
深刻,HSK5級,
神話,HSK5級,
神祕,HSK5級,
升,HSK5級,
生產,HSK5級,
生動,HSK5級,
生長,HSK5級,
聲調,HSK5級,
繩子,HSK5級,
省略,HSK5級,
勝利,HSK5級,
失眠,HSK5級,
失去,HSK5級,
失業,HSK5級,
詩,HSK5級,
獅子,HSK5級,
溼潤,HSK5級,
石頭,HSK5級,
時差,HSK5級,
時代,HSK5級,
時刻,HSK5級,
時髦,HSK5級,
時期,HSK5級,
時尚,HSK5級,
實話,HSK5級,
實踐,HSK5級,
實習,HSK5級,
實現,HSK5級,
實驗,HSK5級,
實用,HSK5級,
食物,HSK5級,
使勁兒,HSK5級,
始終,HSK5級,
士兵,HSK5級,
市場,HSK5級,
似的,HSK5級,
事實,HSK5級,
事物,HSK5級,
事先,HSK5級,
試卷,HSK5級,
收穫,HSK5級,
收據,HSK5級,
手工,HSK5級,
手術,HSK5級,
手套,HSK5級,
手續,HSK5級,
手指,HSK5級,
首,HSK5級,
壽命,HSK5級,
受傷,HSK5級,
書架,HSK5級,
梳子,HSK5級,
舒適,HSK5級,
輸入,HSK5級,
蔬菜,HSK5級,
熟練,HSK5級,
屬於,HSK5級,
鼠標,HSK5級,
數,HSK5級,
數據,HSK5級,
數碼,HSK5級,
摔倒,HSK5級,
甩,HSK5級,
雙方,HSK5級,
稅,HSK5級,
說不定,HSK5級,
說服,HSK5級,
絲綢,HSK5級,
絲毫,HSK5級,
私人,HSK5級,
思考,HSK5級,
思想,HSK5級,
撕,HSK5級,
似乎,HSK5級,
搜索,HSK5級,
宿舍,HSK5級,
隨身,HSK5級,
隨時,HSK5級,
隨手,HSK5級,
碎,HSK5級,
損失,HSK5級,
縮短,HSK5級,
所,HSK5級,
鎖,HSK5級,
臺階,HSK5級,
太極拳,HSK5級,
太太,HSK5級,
談判,HSK5級,
坦率,HSK5級,
燙,HSK5級,
逃,HSK5級,
逃避,HSK5級,
桃,HSK5級,
淘氣,HSK5級,
討價還價,HSK5級,
套,HSK5級,
特色,HSK5級,
特殊,HSK5級,
特徵,HSK5級,
疼愛,HSK5級,
提倡,HSK5級,
提綱,HSK5級,
提問,HSK5級,
題目,HSK5級,
體會,HSK5級,
體貼,HSK5級,
體現,HSK5級,
體驗,HSK5級,
天空,HSK5級,
天真,HSK5級,
調皮,HSK5級,
調整,HSK5級,
挑戰,HSK5級,
通常,HSK5級,
統一,HSK5級,
痛苦,HSK5級,
痛快,HSK5級,
偷,HSK5級,
投入,HSK5級,
投資,HSK5級,
透明,HSK5級,
突出,HSK5級,
土地,HSK5級,
土豆,HSK5級,
吐,HSK5級,
兔子,HSK5級,
團,HSK5級,
推辭,HSK5級,
推廣,HSK5級,
推薦,HSK5級,
退,HSK5級,
退步,HSK5級,
退休,HSK5級,
歪,HSK5級,
外公,HSK5級,
外交,HSK5級,
完美,HSK5級,
完善,HSK5級,
完整,HSK5級,
玩具,HSK5級,
萬一,HSK5級,
王子,HSK5級,
網絡,HSK5級,
往返,HSK5級,
危害,HSK5級,
威脅,HSK5級,
微笑,HSK5級,
違反,HSK5級,
圍巾,HSK5級,
圍繞,HSK5級,
唯一,HSK5級,
維修,HSK5級,
偉大,HSK5級,
尾巴,HSK5級,
委屈,HSK5級,
未必,HSK5級,
未來,HSK5級,
位於,HSK5級,
位置,HSK5級,
胃,HSK5級,
胃口,HSK5級,
溫暖,HSK5級,
溫柔,HSK5級,
文件,HSK5級,
文具,HSK5級,
文明,HSK5級,
文學,HSK5級,
文字,HSK5級,
聞,HSK5級,
吻,HSK5級,
穩定,HSK5級,
問候,HSK5級,
臥室,HSK5級,
握手,HSK5級,
屋子,HSK5級,
無奈,HSK5級,
無數,HSK5級,
無所謂,HSK5級,
武術,HSK5級,
勿,HSK5級,
物理,HSK5級,
物質,HSK5級,
霧,HSK5級,
吸取,HSK5級,
吸收,HSK5級,
戲劇,HSK5級,
系,HSK5級,
系統,HSK5級,
細節,HSK5級,
瞎,HSK5級,
下載,HSK5級,
嚇,HSK5級,
夏令營,HSK5級,
鮮豔,HSK5級,
顯得,HSK5級,
顯然,HSK5級,
顯示,HSK5級,
縣,HSK5級,
現代,HSK5級,
現實,HSK5級,
現象,HSK5級,
限制,HSK5級,
相處,HSK5級,
相當,HSK5級,
相對,HSK5級,
相關,HSK5級,
相似,HSK5級,
香腸,HSK5級,
享受,HSK5級,
想念,HSK5級,
想象,HSK5級,
項,HSK5級,
項鍊,HSK5級,
項目,HSK5級,
象棋,HSK5級,
象徵,HSK5級,
消費,HSK5級,
消化,HSK5級,
消極,HSK5級,
消失,HSK5級,
銷售,HSK5級,
小麥,HSK5級,
小氣,HSK5級,
孝順,HSK5級,
效率,HSK5級,
歇,HSK5級,
斜,HSK5級,
寫作,HSK5級,
血,HSK5級,
心理,HSK5級,
心臟,HSK5級,
欣賞,HSK5級,
信號,HSK5級,
信任,HSK5級,
行動,HSK5級,
行人,HSK5級,
行爲,HSK5級,
形成,HSK5級,
形容,HSK5級,
形式,HSK5級,
形勢,HSK5級,
形象,HSK5級,
形狀,HSK5級,
幸虧,HSK5級,
幸運,HSK5級,
性質,HSK5級,
兄弟,HSK5級,
胸,HSK5級,
休閒,HSK5級,
修改,HSK5級,
虛心,HSK5級,
敘述,HSK5級,
宣佈,HSK5級,
宣傳,HSK5級,
學歷,HSK5級,
學術,HSK5級,
學問,HSK5級,
尋找,HSK5級,
詢問,HSK5級,
訓練,HSK5級,
迅速,HSK5級,
押金,HSK5級,
牙齒,HSK5級,
延長,HSK5級,
嚴肅,HSK5級,
演講,HSK5級,
宴會,HSK5級,
陽臺,HSK5級,
癢,HSK5級,
樣式,HSK5級,
腰,HSK5級,
搖,HSK5級,
咬,HSK5級,
要不,HSK5級,
業務,HSK5級,
業餘,HSK5級,
夜,HSK5級,
一輩子,HSK5級,
一旦,HSK5級,
一律,HSK5級,
一再,HSK5級,
一致,HSK5級,
依然,HSK5級,
移動,HSK5級,
移民,HSK5級,
遺憾,HSK5級,
疑問,HSK5級,
乙,HSK5級,
以及,HSK5級,
以來,HSK5級,
億,HSK5級,
義務,HSK5級,
議論,HSK5級,
意外,HSK5級,
意義,HSK5級,
因而,HSK5級,
因素,HSK5級,
銀,HSK5級,
印刷,HSK5級,
英俊,HSK5級,
英雄,HSK5級,
迎接,HSK5級,
營養,HSK5級,
營業,HSK5級,
影子,HSK5級,
應付,HSK5級,
應用,HSK5級,
硬,HSK5級,
硬件,HSK5級,
擁抱,HSK5級,
擁擠,HSK5級,
勇氣,HSK5級,
用功,HSK5級,
用途,HSK5級,
優惠,HSK5級,
優美,HSK5級,
優勢,HSK5級,
悠久,HSK5級,
猶豫,HSK5級,
油炸,HSK5級,
遊覽,HSK5級,
有利,HSK5級,
幼兒園,HSK5級,
娛樂,HSK5級,
與其,HSK5級,
語氣,HSK5級,
玉米,HSK5級,
預報,HSK5級,
預訂,HSK5級,
預防,HSK5級,
元旦,HSK5級,
員工,HSK5級,
原料,HSK5級,
原則,HSK5級,
圓,HSK5級,
願望,HSK5級,
樂器,HSK5級,
暈,HSK5級,
運氣,HSK5級,
運輸,HSK5級,
運用,HSK5級,
災害,HSK5級,
再三,HSK5級,
在乎,HSK5級,
在於,HSK5級,
贊成,HSK5級,
讚美,HSK5級,
糟糕,HSK5級,
造成,HSK5級,
則,HSK5級,
責備,HSK5級,
摘,HSK5級,
窄,HSK5級,
粘貼,HSK5級,
展開,HSK5級,
展覽,HSK5級,
佔,HSK5級,
戰爭,HSK5級,
長輩,HSK5級,
漲,HSK5級,
掌握,HSK5級,
賬戶,HSK5級,
招待,HSK5級,
着火,HSK5級,
着涼,HSK5級,
召開,HSK5級,
照常,HSK5級,
哲學,HSK5級,
針對,HSK5級,
珍惜,HSK5級,
真實,HSK5級,
診斷,HSK5級,
陣,HSK5級,
振動,HSK5級,
爭論,HSK5級,
爭取,HSK5級,
徵求,HSK5級,
睜,HSK5級,
整個,HSK5級,
整齊,HSK5級,
整體,HSK5級,
正,HSK5級,
證件,HSK5級,
證據,HSK5級,
政府,HSK5級,
政治,HSK5級,
掙,HSK5級,
支,HSK5級,
支票,HSK5級,
執照,HSK5級,
直,HSK5級,
指導,HSK5級,
指揮,HSK5級,
至今,HSK5級,
至於,HSK5級,
志願者,HSK5級,
制定,HSK5級,
制度,HSK5級,
製造,HSK5級,
製作,HSK5級,
治療,HSK5級,
秩序,HSK5級,
智慧,HSK5級,
中介,HSK5級,
中心,HSK5級,
中旬,HSK5級,
種類,HSK5級,
重大,HSK5級,
重量,HSK5級,
周到,HSK5級,
豬,HSK5級,
竹子,HSK5級,
逐步,HSK5級,
逐漸,HSK5級,
主持,HSK5級,
主動,HSK5級,
主觀,HSK5級,
主人,HSK5級,
主任,HSK5級,
主題,HSK5級,
主席,HSK5級,
主張,HSK5級,
煮,HSK5級,
註冊,HSK5級,
祝福,HSK5級,
抓,HSK5級,
抓緊,HSK5級,
專家,HSK5級,
專心,HSK5級,
轉變,HSK5級,
轉告,HSK5級,
裝,HSK5級,
裝飾,HSK5級,
裝修,HSK5級,
狀況,HSK5級,
狀態,HSK5級,
撞,HSK5級,
追,HSK5級,
追求,HSK5級,
諮詢,HSK5級,
姿勢,HSK5級,
資格,HSK5級,
資金,HSK5級,
資料,HSK5級,
資源,HSK5級,
紫,HSK5級,
自從,HSK5級,
自動,HSK5級,
自豪,HSK5級,
自覺,HSK5級,
自私,HSK5級,
自由,HSK5級,
自願,HSK5級,
字母,HSK5級,
字幕,HSK5級,
綜合,HSK5級,
總裁,HSK5級,
總共,HSK5級,
總理,HSK5級,
總算,HSK5級,
總統,HSK5級,
總之,HSK5級,
阻止,HSK5級,
組,HSK5級,
組成,HSK5級,
組合,HSK5級,
組織,HSK5級,
最初,HSK5級,
醉,HSK5級,
尊敬,HSK5級,
遵守,HSK5級,
作品,HSK5級,
作爲,HSK5級,
作文,HSK5級,
挨,HSK6級,
癌症,HSK6級,
愛不釋手,HSK6級,
愛戴,HSK6級,
曖昧,HSK6級,
安寧,HSK6級,
安詳,HSK6級,
安置,HSK6級,
按摩,HSK6級,
案件,HSK6級,
案例,HSK6級,
暗示,HSK6級,
昂貴,HSK6級,
凹凸,HSK6級,
熬,HSK6級,
奧祕,HSK6級,
巴不得,HSK6級,
巴結,HSK6級,
扒,HSK6級,
疤,HSK6級,
拔苗助長,HSK6級,
把關,HSK6級,
把手,HSK6級,
罷工,HSK6級,
霸道,HSK6級,
掰,HSK6級,
擺脫,HSK6級,
敗壞,HSK6級,
拜訪,HSK6級,
拜年,HSK6級,
拜託,HSK6級,
頒佈,HSK6級,
頒發,HSK6級,
斑,HSK6級,
版本,HSK6級,
半途而廢,HSK6級,
扮演,HSK6級,
伴侶,HSK6級,
伴隨,HSK6級,
綁架,HSK6級,
榜樣,HSK6級,
磅,HSK6級,
包庇,HSK6級,
包袱,HSK6級,
包圍,HSK6級,
包裝,HSK6級,
飽和,HSK6級,
飽經滄桑,HSK6級,
保管,HSK6級,
保密,HSK6級,
保姆,HSK6級,
保守,HSK6級,
保衛,HSK6級,
保養,HSK6級,
保障,HSK6級,
保重,HSK6級,
報仇,HSK6級,
報酬,HSK6級,
報答,HSK6級,
報復,HSK6級,
報警,HSK6級,
報銷,HSK6級,
抱負,HSK6級,
暴力,HSK6級,
暴露,HSK6級,
曝光,HSK6級,
爆發,HSK6級,
爆炸,HSK6級,
卑鄙,HSK6級,
悲哀,HSK6級,
悲慘,HSK6級,
北極,HSK6級,
貝殼,HSK6級,
備份,HSK6級,
備忘錄,HSK6級,
背叛,HSK6級,
背誦,HSK6級,
被動,HSK6級,
被告,HSK6級,
奔波,HSK6級,
奔馳,HSK6級,
本能,HSK6級,
本錢,HSK6級,
本人,HSK6級,
本身,HSK6級,
本事,HSK6級,
笨拙,HSK6級,
崩潰,HSK6級,
甭,HSK6級,
迸發,HSK6級,
蹦,HSK6級,
逼迫,HSK6級,
鼻涕,HSK6級,
比方,HSK6級,
比喻,HSK6級,
比重,HSK6級,
鄙視,HSK6級,
閉塞,HSK6級,
弊病,HSK6級,
弊端,HSK6級,
臂,HSK6級,
邊疆,HSK6級,
邊界,HSK6級,
邊境,HSK6級,
邊緣,HSK6級,
編織,HSK6級,
鞭策,HSK6級,
貶低,HSK6級,
貶義,HSK6級,
扁,HSK6級,
變故,HSK6級,
變遷,HSK6級,
變質,HSK6級,
便利,HSK6級,
便條,HSK6級,
便於,HSK6級,
遍佈,HSK6級,
辨認,HSK6級,
辯護,HSK6級,
辯解,HSK6級,
辯證,HSK6級,
辮子,HSK6級,
標本,HSK6級,
標記,HSK6級,
標題,HSK6級,
表決,HSK6級,
表態,HSK6級,
表彰,HSK6級,
憋,HSK6級,
別墅,HSK6級,
別緻,HSK6級,
彆扭,HSK6級,
瀕臨,HSK6級,
冰雹,HSK6級,
丙,HSK6級,
並非,HSK6級,
並列,HSK6級,
撥,HSK6級,
波浪,HSK6級,
波濤,HSK6級,
剝削,HSK6級,
播種,HSK6級,
伯母,HSK6級,
博大精深,HSK6級,
博覽會,HSK6級,
搏鬥,HSK6級,
薄弱,HSK6級,
補償,HSK6級,
補救,HSK6級,
補貼,HSK6級,
捕捉,HSK6級,
哺乳,HSK6級,
不得已,HSK6級,
不妨,HSK6級,
不敢當,HSK6級,
不顧,HSK6級,
不禁,HSK6級,
不堪,HSK6級,
不可思議,HSK6級,
不愧,HSK6級,
不料,HSK6級,
不免,HSK6級,
不時,HSK6級,
不惜,HSK6級,
不相上下,HSK6級,
不像話,HSK6級,
不屑一顧,HSK6級,
不言而喻,HSK6級,
不由得,HSK6級,
不擇手段,HSK6級,
不止,HSK6級,
佈告,HSK6級,
佈局,HSK6級,
佈置,HSK6級,
步伐,HSK6級,
部署,HSK6級,
部位,HSK6級,
才幹,HSK6級,
財富,HSK6級,
財務,HSK6級,
財政,HSK6級,
裁縫,HSK6級,
裁判,HSK6級,
裁員,HSK6級,
採購,HSK6級,
採集,HSK6級,
採納,HSK6級,
彩票,HSK6級,
參謀,HSK6級,
參照,HSK6級,
殘疾,HSK6級,
殘酷,HSK6級,
殘留,HSK6級,
殘忍,HSK6級,
燦爛,HSK6級,
倉促,HSK6級,
倉庫,HSK6級,
蒼白,HSK6級,
艙,HSK6級,
操勞,HSK6級,
操練,HSK6級,
操縱,HSK6級,
操作,HSK6級,
嘈雜,HSK6級,
草案,HSK6級,
草率,HSK6級,
側面,HSK6級,
測量,HSK6級,
策劃,HSK6級,
策略,HSK6級,
層出不窮,HSK6級,
層次,HSK6級,
差別,HSK6級,
插座,HSK6級,
查獲,HSK6級,
岔,HSK6級,
剎那,HSK6級,
詫異,HSK6級,
柴油,HSK6級,
攙,HSK6級,
饞,HSK6級,
纏繞,HSK6級,
產業,HSK6級,
闡述,HSK6級,
顫抖,HSK6級,
昌盛,HSK6級,
嘗試,HSK6級,
償還,HSK6級,
場合,HSK6級,
場面,HSK6級,
場所,HSK6級,
敞開,HSK6級,
暢通,HSK6級,
暢銷,HSK6級,
倡導,HSK6級,
倡議,HSK6級,
鈔票,HSK6級,
超越,HSK6級,
巢穴,HSK6級,
朝代,HSK6級,
嘲笑,HSK6級,
潮流,HSK6級,
撤退,HSK6級,
撤銷,HSK6級,
沉澱,HSK6級,
沉悶,HSK6級,
沉思,HSK6級,
沉重,HSK6級,
沉着,HSK6級,
陳舊,HSK6級,
陳列,HSK6級,
陳述,HSK6級,
襯托,HSK6級,
稱心如意,HSK6級,
稱號,HSK6級,
成本,HSK6級,
成交,HSK6級,
成天,HSK6級,
成效,HSK6級,
成心,HSK6級,
成員,HSK6級,
呈現,HSK6級,
誠摯,HSK6級,
承辦,HSK6級,
承包,HSK6級,
承諾,HSK6級,
城堡,HSK6級,
乘,HSK6級,
盛,HSK6級,
懲罰,HSK6級,
澄清,HSK6級,
橙,HSK6級,
秤,HSK6級,
喫苦,HSK6級,
喫力,HSK6級,
遲鈍,HSK6級,
遲緩,HSK6級,
遲疑,HSK6級,
持久,HSK6級,
赤道,HSK6級,
赤字,HSK6級,
衝動,HSK6級,
衝擊,HSK6級,
衝突,HSK6級,
充當,HSK6級,
充沛,HSK6級,
充實,HSK6級,
充足,HSK6級,
重疊,HSK6級,
崇拜,HSK6級,
崇高,HSK6級,
崇敬,HSK6級,
稠密,HSK6級,
籌備,HSK6級,
醜惡,HSK6級,
出路,HSK6級,
出賣,HSK6級,
出身,HSK6級,
出神,HSK6級,
出息,HSK6級,
初步,HSK6級,
除,HSK6級,
處分,HSK6級,
處境,HSK6級,
處置,HSK6級,
儲備,HSK6級,
儲存,HSK6級,
儲蓄,HSK6級,
觸犯,HSK6級,
川流不息,HSK6級,
穿越,HSK6級,
傳達,HSK6級,
傳單,HSK6級,
傳授,HSK6級,
船舶,HSK6級,
喘氣,HSK6級,
串,HSK6級,
牀單,HSK6級,
創立,HSK6級,
創新,HSK6級,
創業,HSK6級,
創作,HSK6級,
吹牛,HSK6級,
吹捧,HSK6級,
炊煙,HSK6級,
垂直,HSK6級,
錘,HSK6級,
純粹,HSK6級,
純潔,HSK6級,
慈善,HSK6級,
慈祥,HSK6級,
磁帶,HSK6級,
雌雄,HSK6級,
次品,HSK6級,
次序,HSK6級,
伺候,HSK6級,
刺,HSK6級,
從容,HSK6級,
叢,HSK6級,
湊合,HSK6級,
粗魯,HSK6級,
竄,HSK6級,
摧殘,HSK6級,
脆弱,HSK6級,
搓,HSK6級,
磋商,HSK6級,
挫折,HSK6級,
搭,HSK6級,
搭檔,HSK6級,
搭配,HSK6級,
達成,HSK6級,
答辯,HSK6級,
答覆,HSK6級,
打包,HSK6級,
打官司,HSK6級,
打擊,HSK6級,
打架,HSK6級,
打量,HSK6級,
打獵,HSK6級,
打仗,HSK6級,
大不了,HSK6級,
大臣,HSK6級,
大夥兒,HSK6級,
大肆,HSK6級,
大體,HSK6級,
大意,HSK6級,
大致,HSK6級,
歹徒,HSK6級,
代價,HSK6級,
代理,HSK6級,
帶領,HSK6級,
怠慢,HSK6級,
逮捕,HSK6級,
擔保,HSK6級,
膽怯,HSK6級,
誕辰,HSK6級,
誕生,HSK6級,
淡季,HSK6級,
淡水,HSK6級,
蛋白質,HSK6級,
當場,HSK6級,
當初,HSK6級,
當代,HSK6級,
當面,HSK6級,
當前,HSK6級,
當事人,HSK6級,
當務之急,HSK6級,
當選,HSK6級,
黨,HSK6級,
檔案,HSK6級,
檔次,HSK6級,
導彈,HSK6級,
導航,HSK6級,
導向,HSK6級,
搗亂,HSK6級,
倒閉,HSK6級,
盜竊,HSK6級,
稻穀,HSK6級,
得不償失,HSK6級,
得力,HSK6級,
得天獨厚,HSK6級,
得罪,HSK6級,
燈籠,HSK6級,
登陸,HSK6級,
登錄,HSK6級,
蹬,HSK6級,
等候,HSK6級,
等級,HSK6級,
瞪,HSK6級,
堤壩,HSK6級,
敵視,HSK6級,
抵達,HSK6級,
抵抗,HSK6級,
抵制,HSK6級,
地步,HSK6級,
地勢,HSK6級,
地質,HSK6級,
遞增,HSK6級,
顛簸,HSK6級,
顛倒,HSK6級,
典禮,HSK6級,
典型,HSK6級,
點綴,HSK6級,
電源,HSK6級,
墊,HSK6級,
惦記,HSK6級,
奠定,HSK6級,
叼,HSK6級,
雕刻,HSK6級,
雕塑,HSK6級,
吊,HSK6級,
調動,HSK6級,
跌,HSK6級,
丁,HSK6級,
叮囑,HSK6級,
盯,HSK6級,
定期,HSK6級,
定義,HSK6級,
丟人,HSK6級,
丟三落四,HSK6級,
東道主,HSK6級,
東張西望,HSK6級,
董事長,HSK6級,
動盪,HSK6級,
動機,HSK6級,
動靜,HSK6級,
動力,HSK6級,
動脈,HSK6級,
動身,HSK6級,
動手,HSK6級,
動態,HSK6級,
動員,HSK6級,
凍結,HSK6級,
棟,HSK6級,
兜,HSK6級,
陡峭,HSK6級,
鬥爭,HSK6級,
督促,HSK6級,
毒品,HSK6級,
獨裁,HSK6級,
堵塞,HSK6級,
賭博,HSK6級,
杜絕,HSK6級,
端,HSK6級,
端午節,HSK6級,
端正,HSK6級,
短促,HSK6級,
斷定,HSK6級,
斷絕,HSK6級,
堆積,HSK6級,
隊伍,HSK6級,
對策,HSK6級,
對稱,HSK6級,
對付,HSK6級,
對抗,HSK6級,
對立,HSK6級,
對聯,HSK6級,
對應,HSK6級,
對照,HSK6級,
兌現,HSK6級,
頓時,HSK6級,
多元化,HSK6級,
哆嗦,HSK6級,
墮落,HSK6級,
額外,HSK6級,
噁心,HSK6級,
惡化,HSK6級,
遏制,HSK6級,
恩怨,HSK6級,
而已,HSK6級,
二氧化碳,HSK6級,
發佈,HSK6級,
發財,HSK6級,
發呆,HSK6級,
發動,HSK6級,
發覺,HSK6級,
發射,HSK6級,
發誓,HSK6級,
發行,HSK6級,
發炎,HSK6級,
發揚,HSK6級,
發育,HSK6級,
法人,HSK6級,
番,HSK6級,
凡是,HSK6級,
繁華,HSK6級,
繁忙,HSK6級,
繁體字,HSK6級,
繁殖,HSK6級,
反駁,HSK6級,
反常,HSK6級,
反感,HSK6級,
反抗,HSK6級,
反饋,HSK6級,
反面,HSK6級,
反射,HSK6級,
反思,HSK6級,
反問,HSK6級,
反之,HSK6級,
氾濫,HSK6級,
範疇,HSK6級,
販賣,HSK6級,
方位,HSK6級,
方言,HSK6級,
方圓,HSK6級,
方針,HSK6級,
防守,HSK6級,
防禦,HSK6級,
防止,HSK6級,
防治,HSK6級,
訪問,HSK6級,
紡織,HSK6級,
放大,HSK6級,
放射,HSK6級,
飛禽走獸,HSK6級,
飛翔,HSK6級,
飛躍,HSK6級,
非法,HSK6級,
肥沃,HSK6級,
誹謗,HSK6級,
肺,HSK6級,
廢除,HSK6級,
廢寢忘食,HSK6級,
廢墟,HSK6級,
沸騰,HSK6級,
分辨,HSK6級,
分寸,HSK6級,
分紅,HSK6級,
分解,HSK6級,
分裂,HSK6級,
分泌,HSK6級,
分明,HSK6級,
分歧,HSK6級,
分散,HSK6級,
吩咐,HSK6級,
墳墓,HSK6級,
粉末,HSK6級,
粉色,HSK6級,
粉碎,HSK6級,
分量,HSK6級,
憤怒,HSK6級,
豐滿,HSK6級,
豐盛,HSK6級,
豐收,HSK6級,
風暴,HSK6級,
風度,HSK6級,
風光,HSK6級,
風氣,HSK6級,
風趣,HSK6級,
風土人情,HSK6級,
風味,HSK6級,
封閉,HSK6級,
封建,HSK6級,
封鎖,HSK6級,
鋒利,HSK6級,
逢,HSK6級,
奉獻,HSK6級,
否決,HSK6級,
夫婦,HSK6級,
夫人,HSK6級,
敷衍,HSK6級,
服從,HSK6級,
服氣,HSK6級,
俘虜,HSK6級,
符號,HSK6級,
幅度,HSK6級,
輻射,HSK6級,
福利,HSK6級,
福氣,HSK6級,
撫摸,HSK6級,
撫養,HSK6級,
俯視,HSK6級,
輔助,HSK6級,
腐敗,HSK6級,
腐爛,HSK6級,
腐蝕,HSK6級,
腐朽,HSK6級,
負擔,HSK6級,
附和,HSK6級,
附件,HSK6級,
附屬,HSK6級,
復活,HSK6級,
復興,HSK6級,
副,HSK6級,
賦予,HSK6級,
富裕,HSK6級,
腹瀉,HSK6級,
覆蓋,HSK6級,
改良,HSK6級,
鈣,HSK6級,
蓋章,HSK6級,
乾旱,HSK6級,
干擾,HSK6級,
干涉,HSK6級,
干預,HSK6級,
尷尬,HSK6級,
感慨,HSK6級,
感染,HSK6級,
幹勁,HSK6級,
綱領,HSK6級,
崗位,HSK6級,
港口,HSK6級,
港灣,HSK6級,
槓桿,HSK6級,
高超,HSK6級,
高潮,HSK6級,
高峯,HSK6級,
高明,HSK6級,
高尚,HSK6級,
高漲,HSK6級,
稿件,HSK6級,
告辭,HSK6級,
告誡,HSK6級,
疙瘩,HSK6級,
鴿子,HSK6級,
擱,HSK6級,
割,HSK6級,
歌頌,HSK6級,
革命,HSK6級,
格局,HSK6級,
格式,HSK6級,
隔閡,HSK6級,
隔離,HSK6級,
個體,HSK6級,
各抒己見,HSK6級,
根深蒂固,HSK6級,
根源,HSK6級,
跟前,HSK6級,
跟隨,HSK6級,
跟蹤,HSK6級,
更新,HSK6級,
更正,HSK6級,
耕地,HSK6級,
工藝品,HSK6級,
公安局,HSK6級,
公道,HSK6級,
公告,HSK6級,
公關,HSK6級,
公民,HSK6級,
公然,HSK6級,
公認,HSK6級,
公式,HSK6級,
公務,HSK6級,
公正,HSK6級,
公證,HSK6級,
功勞,HSK6級,
功效,HSK6級,
攻擊,HSK6級,
攻克,HSK6級,
供不應求,HSK6級,
供給,HSK6級,
宮殿,HSK6級,
恭敬,HSK6級,
鞏固,HSK6級,
共和國,HSK6級,
共計,HSK6級,
共鳴,HSK6級,
勾結,HSK6級,
鉤子,HSK6級,
構思,HSK6級,
孤獨,HSK6級,
孤立,HSK6級,
姑且,HSK6級,
辜負,HSK6級,
古董,HSK6級,
古怪,HSK6級,
股東,HSK6級,
股份,HSK6級,
骨幹,HSK6級,
鼓動,HSK6級,
固然,HSK6級,
固體,HSK6級,
固有,HSK6級,
固執,HSK6級,
故鄉,HSK6級,
故障,HSK6級,
顧慮,HSK6級,
顧問,HSK6級,
僱傭,HSK6級,
柺杖,HSK6級,
關懷,HSK6級,
關照,HSK6級,
觀光,HSK6級,
官方,HSK6級,
管轄,HSK6級,
貫徹,HSK6級,
慣例,HSK6級,
灌溉,HSK6級,
罐,HSK6級,
光彩,HSK6級,
光輝,HSK6級,
光芒,HSK6級,
光榮,HSK6級,
廣闊,HSK6級,
歸根到底,HSK6級,
歸還,HSK6級,
規範,HSK6級,
規格,HSK6級,
規劃,HSK6級,
規章,HSK6級,
軌道,HSK6級,
貴族,HSK6級,
跪,HSK6級,
棍棒,HSK6級,
國防,HSK6級,
國務院,HSK6級,
果斷,HSK6級,
過度,HSK6級,
過渡,HSK6級,
過獎,HSK6級,
過濾,HSK6級,
過失,HSK6級,
過問,HSK6級,
過癮,HSK6級,
過於,HSK6級,
嗨,HSK6級,
海拔,HSK6級,
海濱,HSK6級,
含糊,HSK6級,
含義,HSK6級,
寒暄,HSK6級,
罕見,HSK6級,
捍衛,HSK6級,
行列,HSK6級,
航空,HSK6級,
航天,HSK6級,
航行,HSK6級,
毫米,HSK6級,
毫無,HSK6級,
豪邁,HSK6級,
號召,HSK6級,
耗費,HSK6級,
呵,HSK6級,
合併,HSK6級,
合成,HSK6級,
合夥,HSK6級,
合算,HSK6級,
和藹,HSK6級,
和解,HSK6級,
和睦,HSK6級,
和氣,HSK6級,
和諧,HSK6級,
嘿,HSK6級,
痕跡,HSK6級,
狠心,HSK6級,
恨不得,HSK6級,
橫,HSK6級,
哼,HSK6級,
轟動,HSK6級,
烘,HSK6級,
宏觀,HSK6級,
宏偉,HSK6級,
洪水,HSK6級,
哄,HSK6級,
喉嚨,HSK6級,
吼,HSK6級,
後代,HSK6級,
後顧之憂,HSK6級,
後勤,HSK6級,
候選,HSK6級,
呼喚,HSK6級,
呼嘯,HSK6級,
呼籲,HSK6級,
忽略,HSK6級,
胡亂,HSK6級,
鬍鬚,HSK6級,
湖泊,HSK6級,
花瓣,HSK6級,
花蕾,HSK6級,
華麗,HSK6級,
華僑,HSK6級,
化肥,HSK6級,
化石,HSK6級,
化驗,HSK6級,
化妝,HSK6級,
劃分,HSK6級,
畫蛇添足,HSK6級,
話筒,HSK6級,
歡樂,HSK6級,
還原,HSK6級,
環節,HSK6級,
緩和,HSK6級,
患者,HSK6級,
荒涼,HSK6級,
荒謬,HSK6級,
荒唐,HSK6級,
皇帝,HSK6級,
皇后,HSK6級,
黃昏,HSK6級,
恍然大悟,HSK6級,
晃,HSK6級,
揮霍,HSK6級,
輝煌,HSK6級,
回報,HSK6級,
迴避,HSK6級,
回顧,HSK6級,
回收,HSK6級,
悔恨,HSK6級,
毀滅,HSK6級,
彙報,HSK6級,
會晤,HSK6級,
賄賂,HSK6級,
昏迷,HSK6級,
葷,HSK6級,
渾身,HSK6級,
混合,HSK6級,
混亂,HSK6級,
混淆,HSK6級,
混濁,HSK6級,
活該,HSK6級,
活力,HSK6級,
火箭,HSK6級,
火焰,HSK6級,
火藥,HSK6級,
貨幣,HSK6級,
譏笑,HSK6級,
飢餓,HSK6級,
機動,HSK6級,
機構,HSK6級,
機靈,HSK6級,
機密,HSK6級,
機械,HSK6級,
機遇,HSK6級,
機智,HSK6級,
基地,HSK6級,
基金,HSK6級,
基因,HSK6級,
激發,HSK6級,
激勵,HSK6級,
激情,HSK6級,
及早,HSK6級,
吉祥,HSK6級,
級別,HSK6級,
極端,HSK6級,
極限,HSK6級,
即便,HSK6級,
即將,HSK6級,
急功近利,HSK6級,
急劇,HSK6級,
急切,HSK6級,
急於求成,HSK6級,
急躁,HSK6級,
疾病,HSK6級,
集團,HSK6級,
嫉妒,HSK6級,
籍貫,HSK6級,
給予,HSK6級,
計較,HSK6級,
記性,HSK6級,
記載,HSK6級,
紀要,HSK6級,
技巧,HSK6級,
忌諱,HSK6級,
季度,HSK6級,
季軍,HSK6級,
跡象,HSK6級,
繼承,HSK6級,
寄託,HSK6級,
寂靜,HSK6級,
加工,HSK6級,
加劇,HSK6級,
夾雜,HSK6級,
佳餚,HSK6級,
家常,HSK6級,
傢伙,HSK6級,
家屬,HSK6級,
家喻戶曉,HSK6級,
尖端,HSK6級,
尖銳,HSK6級,
堅定,HSK6級,
堅固,HSK6級,
堅韌,HSK6級,
堅實,HSK6級,
堅硬,HSK6級,
艱難,HSK6級,
監督,HSK6級,
監視,HSK6級,
監獄,HSK6級,
煎,HSK6級,
揀,HSK6級,
檢討,HSK6級,
檢驗,HSK6級,
剪綵,HSK6級,
簡化,HSK6級,
簡陋,HSK6級,
簡體字,HSK6級,
簡要,HSK6級,
見多識廣,HSK6級,
見解,HSK6級,
見聞,HSK6級,
見義勇爲,HSK6級,
間諜,HSK6級,
間隔,HSK6級,
間接,HSK6級,
劍,HSK6級,
健全,HSK6級,
艦艇,HSK6級,
踐踏,HSK6級,
濺,HSK6級,
鑑別,HSK6級,
鑑定,HSK6級,
鑑於,HSK6級,
將近,HSK6級,
將就,HSK6級,
將軍,HSK6級,
僵硬,HSK6級,
獎勵,HSK6級,
獎賞,HSK6級,
槳,HSK6級,
降臨,HSK6級,
交叉,HSK6級,
交代,HSK6級,
交涉,HSK6級,
交易,HSK6級,
嬌氣,HSK6級,
焦點,HSK6級,
焦急,HSK6級,
角落,HSK6級,
僥倖,HSK6級,
攪拌,HSK6級,
繳納,HSK6級,
較量,HSK6級,
教養,HSK6級,
階層,HSK6級,
皆,HSK6級,
接連,HSK6級,
揭露,HSK6級,
節制,HSK6級,
節奏,HSK6級,
傑出,HSK6級,
結晶,HSK6級,
結局,HSK6級,
結算,HSK6級,
截止,HSK6級,
截至,HSK6級,
竭盡全力,HSK6級,
解除,HSK6級,
解放,HSK6級,
解僱,HSK6級,
解剖,HSK6級,
解散,HSK6級,
解體,HSK6級,
戒備,HSK6級,
界限,HSK6級,
借鑑,HSK6級,
藉助,HSK6級,
金融,HSK6級,
津津有味,HSK6級,
緊迫,HSK6級,
錦上添花,HSK6級,
進而,HSK6級,
進攻,HSK6級,
進化,HSK6級,
進展,HSK6級,
近來,HSK6級,
晉升,HSK6級,
浸泡,HSK6級,
莖,HSK6級,
經費,HSK6級,
經緯,HSK6級,
驚動,HSK6級,
驚奇,HSK6級,
驚訝,HSK6級,
兢兢業業,HSK6級,
精打細算,HSK6級,
精華,HSK6級,
精簡,HSK6級,
精密,HSK6級,
精確,HSK6級,
精通,HSK6級,
精心,HSK6級,
精益求精,HSK6級,
精緻,HSK6級,
井,HSK6級,
頸椎,HSK6級,
警告,HSK6級,
警惕,HSK6級,
競賽,HSK6級,
競選,HSK6級,
敬禮,HSK6級,
敬業,HSK6級,
境界,HSK6級,
鏡頭,HSK6級,
糾紛,HSK6級,
糾正,HSK6級,
酒精,HSK6級,
救濟,HSK6級,
就近,HSK6級,
就業,HSK6級,
就職,HSK6級,
拘留,HSK6級,
拘束,HSK6級,
居民,HSK6級,
居住,HSK6級,
鞠躬,HSK6級,
局部,HSK6級,
局面,HSK6級,
局勢,HSK6級,
侷限,HSK6級,
咀嚼,HSK6級,
沮喪,HSK6級,
舉動,HSK6級,
舉世矚目,HSK6級,
舉足輕重,HSK6級,
劇本,HSK6級,
劇烈,HSK6級,
據悉,HSK6級,
聚精會神,HSK6級,
卷,HSK6級,
決策,HSK6級,
覺悟,HSK6級,
覺醒,HSK6級,
絕望,HSK6級,
倔強,HSK6級,
軍隊,HSK6級,
君子,HSK6級,
卡通,HSK6級,
開採,HSK6級,
開除,HSK6級,
開闊,HSK6級,
開朗,HSK6級,
開明,HSK6級,
開闢,HSK6級,
開拓,HSK6級,
開展,HSK6級,
開支,HSK6級,
刊登,HSK6級,
刊物,HSK6級,
勘探,HSK6級,
侃侃而談,HSK6級,
砍伐,HSK6級,
看待,HSK6級,
慷慨,HSK6級,
扛,HSK6級,
抗議,HSK6級,
考察,HSK6級,
考古,HSK6級,
考覈,HSK6級,
考驗,HSK6級,
靠攏,HSK6級,
科目,HSK6級,
磕,HSK6級,
可觀,HSK6級,
可口,HSK6級,
可惡,HSK6級,
可行,HSK6級,
渴望,HSK6級,
剋制,HSK6級,
刻不容緩,HSK6級,
客戶,HSK6級,
課題,HSK6級,
懇切,HSK6級,
啃,HSK6級,
坑,HSK6級,
空洞,HSK6級,
空前絕後,HSK6級,
空想,HSK6級,
空虛,HSK6級,
孔,HSK6級,
恐怖,HSK6級,
恐嚇,HSK6級,
恐懼,HSK6級,
空白,HSK6級,
空隙,HSK6級,
口氣,HSK6級,
口腔,HSK6級,
口頭,HSK6級,
口音,HSK6級,
扣,HSK6級,
枯萎,HSK6級,
枯燥,HSK6級,
哭泣,HSK6級,
苦盡甘來,HSK6級,
苦澀,HSK6級,
挎,HSK6級,
跨,HSK6級,
快活,HSK6級,
寬敞,HSK6級,
寬容,HSK6級,
款待,HSK6級,
款式,HSK6級,
筐,HSK6級,
曠課,HSK6級,
況且,HSK6級,
礦產,HSK6級,
框架,HSK6級,
虧待,HSK6級,
虧損,HSK6級,
捆綁,HSK6級,
擴充,HSK6級,
擴散,HSK6級,
擴張,HSK6級,
喇叭,HSK6級,
蠟燭,HSK6級,
啦,HSK6級,
來歷,HSK6級,
來源,HSK6級,
欄目,HSK6級,
懶惰,HSK6級,
狼狽,HSK6級,
狼吞虎嚥,HSK6級,
撈,HSK6級,
牢固,HSK6級,
牢騷,HSK6級,
嘮叨,HSK6級,
樂趣,HSK6級,
樂意,HSK6級,
雷達,HSK6級,
類似,HSK6級,
冷酷,HSK6級,
冷落,HSK6級,
冷卻,HSK6級,
愣,HSK6級,
黎明,HSK6級,
禮節,HSK6級,
禮尚往來,HSK6級,
里程碑,HSK6級,
理睬,HSK6級,
理所當然,HSK6級,
理直氣壯,HSK6級,
理智,HSK6級,
力求,HSK6級,
力所能及,HSK6級,
力爭,HSK6級,
歷代,HSK6級,
歷來,HSK6級,
立場,HSK6級,
立方,HSK6級,
立交橋,HSK6級,
立體,HSK6級,
立足,HSK6級,
利害,HSK6級,
例外,HSK6級,
粒,HSK6級,
連年,HSK6級,
連鎖,HSK6級,
連同,HSK6級,
聯歡,HSK6級,
聯絡,HSK6級,
聯盟,HSK6級,
聯想,HSK6級,
廉潔,HSK6級,
良心,HSK6級,
諒解,HSK6級,
晾,HSK6級,
遼闊,HSK6級,
列舉,HSK6級,
臨牀,HSK6級,
淋,HSK6級,
吝嗇,HSK6級,
伶俐,HSK6級,
靈感,HSK6級,
靈魂,HSK6級,
靈敏,HSK6級,
凌晨,HSK6級,
零星,HSK6級,
領會,HSK6級,
領事館,HSK6級,
領土,HSK6級,
領悟,HSK6級,
領先,HSK6級,
領袖,HSK6級,
溜,HSK6級,
留戀,HSK6級,
留念,HSK6級,
留神,HSK6級,
流浪,HSK6級,
流露,HSK6級,
流氓,HSK6級,
流通,HSK6級,
聾啞,HSK6級,
隆重,HSK6級,
壟斷,HSK6級,
籠罩,HSK6級,
摟,HSK6級,
爐竈,HSK6級,
屢次,HSK6級,
履行,HSK6級,
掠奪,HSK6級,
輪船,HSK6級,
輪廓,HSK6級,
輪胎,HSK6級,
論壇,HSK6級,
論證,HSK6級,
囉唆,HSK6級,
絡繹不絕,HSK6級,
落成,HSK6級,
落實,HSK6級,
麻痹,HSK6級,
麻木,HSK6級,
麻醉,HSK6級,
碼頭,HSK6級,
螞蟻,HSK6級,
嘛,HSK6級,
埋伏,HSK6級,
埋沒,HSK6級,
埋葬,HSK6級,
邁,HSK6級,
脈搏,HSK6級,
埋怨,HSK6級,
蔓延,HSK6級,
漫長,HSK6級,
漫畫,HSK6級,
慢性,HSK6級,
忙碌,HSK6級,
盲目,HSK6級,
茫茫,HSK6級,
茫然,HSK6級,
茂盛,HSK6級,
冒充,HSK6級,
冒犯,HSK6級,
枚,HSK6級,
媒介,HSK6級,
美觀,HSK6級,
美滿,HSK6級,
美妙,HSK6級,
萌芽,HSK6級,
猛烈,HSK6級,
眯,HSK6級,
彌補,HSK6級,
瀰漫,HSK6級,
迷惑,HSK6級,
迷人,HSK6級,
迷信,HSK6級,
謎語,HSK6級,
密度,HSK6級,
密封,HSK6級,
棉花,HSK6級,
免得,HSK6級,
免疫,HSK6級,
勉勵,HSK6級,
勉強,HSK6級,
面貌,HSK6級,
面子,HSK6級,
描繪,HSK6級,
瞄準,HSK6級,
渺小,HSK6級,
藐視,HSK6級,
滅亡,HSK6級,
蔑視,HSK6級,
民間,HSK6級,
民主,HSK6級,
敏捷,HSK6級,
敏銳,HSK6級,
名次,HSK6級,
名額,HSK6級,
名副其實,HSK6級,
名譽,HSK6級,
明明,HSK6級,
明智,HSK6級,
命名,HSK6級,
摸索,HSK6級,
模範,HSK6級,
模式,HSK6級,
模型,HSK6級,
膜,HSK6級,
摩擦,HSK6級,
磨合,HSK6級,
魔鬼,HSK6級,
魔術,HSK6級,
抹殺,HSK6級,
莫名其妙,HSK6級,
墨水兒,HSK6級,
默默,HSK6級,
謀求,HSK6級,
模樣,HSK6級,
母語,HSK6級,
目睹,HSK6級,
目光,HSK6級,
沐浴,HSK6級,
拿手,HSK6級,
納悶兒,HSK6級,
耐用,HSK6級,
南轅北轍,HSK6級,
難得,HSK6級,
難堪,HSK6級,
難能可貴,HSK6級,
惱火,HSK6級,
內涵,HSK6級,
內幕,HSK6級,
內在,HSK6級,
能量,HSK6級,
擬定,HSK6級,
逆行,HSK6級,
年度,HSK6級,
捏,HSK6級,
凝固,HSK6級,
凝聚,HSK6級,
凝視,HSK6級,
擰,HSK6級,
寧肯,HSK6級,
寧願,HSK6級,
扭轉,HSK6級,
紐扣兒,HSK6級,
農曆,HSK6級,
濃厚,HSK6級,
奴隸,HSK6級,
虐待,HSK6級,
挪,HSK6級,
哦,HSK6級,
毆打,HSK6級,
嘔吐,HSK6級,
偶像,HSK6級,
趴,HSK6級,
排斥,HSK6級,
排除,HSK6級,
排放,HSK6級,
排練,HSK6級,
徘徊,HSK6級,
派別,HSK6級,
派遣,HSK6級,
攀登,HSK6級,
盤旋,HSK6級,
判決,HSK6級,
畔,HSK6級,
龐大,HSK6級,
拋棄,HSK6級,
泡沫,HSK6級,
培育,HSK6級,
配備,HSK6級,
配偶,HSK6級,
配套,HSK6級,
盆地,HSK6級,
烹飪,HSK6級,
捧,HSK6級,
批發,HSK6級,
批判,HSK6級,
劈,HSK6級,
皮革,HSK6級,
疲憊,HSK6級,
疲倦,HSK6級,
屁股,HSK6級,
譬如,HSK6級,
偏差,HSK6級,
偏見,HSK6級,
偏僻,HSK6級,
偏偏,HSK6級,
片斷,HSK6級,
片刻,HSK6級,
漂浮,HSK6級,
飄揚,HSK6級,
撇,HSK6級,
拼搏,HSK6級,
拼命,HSK6級,
貧乏,HSK6級,
貧困,HSK6級,
頻繁,HSK6級,
頻率,HSK6級,
品嚐,HSK6級,
品德,HSK6級,
品質,HSK6級,
品種,HSK6級,
平凡,HSK6級,
平面,HSK6級,
平坦,HSK6級,
平行,HSK6級,
平庸,HSK6級,
平原,HSK6級,
評估,HSK6級,
評論,HSK6級,
屏幕,HSK6級,
屏障,HSK6級,
坡,HSK6級,
潑,HSK6級,
頗,HSK6級,
迫不及待,HSK6級,
迫害,HSK6級,
破例,HSK6級,
魄力,HSK6級,
撲,HSK6級,
鋪,HSK6級,
樸實,HSK6級,
樸素,HSK6級,
普及,HSK6級,
瀑布,HSK6級,
淒涼,HSK6級,
期望,HSK6級,
期限,HSK6級,
欺負,HSK6級,
欺騙,HSK6級,
齊全,HSK6級,
齊心協力,HSK6級,
奇妙,HSK6級,
歧視,HSK6級,
旗袍,HSK6級,
旗幟,HSK6級,
乞丐,HSK6級,
豈有此理,HSK6級,
企圖,HSK6級,
啓程,HSK6級,
啓蒙,HSK6級,
啓示,HSK6級,
啓事,HSK6級,
起草,HSK6級,
起初,HSK6級,
起伏,HSK6級,
起鬨,HSK6級,
起碼,HSK6級,
起源,HSK6級,
氣概,HSK6級,
氣功,HSK6級,
氣魄,HSK6級,
氣色,HSK6級,
氣勢,HSK6級,
氣味,HSK6級,
氣象,HSK6級,
氣壓,HSK6級,
氣質,HSK6級,
迄今爲止,HSK6級,
器材,HSK6級,
器官,HSK6級,
掐,HSK6級,
洽談,HSK6級,
恰當,HSK6級,
恰到好處,HSK6級,
恰巧,HSK6級,
千方百計,HSK6級,
遷就,HSK6級,
遷徙,HSK6級,
牽,HSK6級,
牽扯,HSK6級,
牽制,HSK6級,
謙遜,HSK6級,
簽署,HSK6級,
前景,HSK6級,
前提,HSK6級,
潛力,HSK6級,
潛水,HSK6級,
潛移默化,HSK6級,
譴責,HSK6級,
強制,HSK6級,
搶劫,HSK6級,
搶救,HSK6級,
強迫,HSK6級,
橋樑,HSK6級,
竅門,HSK6級,
翹,HSK6級,
切實,HSK6級,
鍥而不捨,HSK6級,
欽佩,HSK6級,
侵犯,HSK6級,
侵略,HSK6級,
親密,HSK6級,
親熱,HSK6級,
勤儉,HSK6級,
勤勞,HSK6級,
傾聽,HSK6級,
傾向,HSK6級,
傾斜,HSK6級,
清澈,HSK6級,
清晨,HSK6級,
清除,HSK6級,
清潔,HSK6級,
清理,HSK6級,
清晰,HSK6級,
清醒,HSK6級,
清真,HSK6級,
情報,HSK6級,
情節,HSK6級,
情理,HSK6級,
情形,HSK6級,
晴朗,HSK6級,
請柬,HSK6級,
請教,HSK6級,
請示,HSK6級,
請帖,HSK6級,
丘陵,HSK6級,
區分,HSK6級,
區域,HSK6級,
曲折,HSK6級,
驅逐,HSK6級,
屈服,HSK6級,
渠道,HSK6級,
曲子,HSK6級,
取締,HSK6級,
趣味,HSK6級,
圈套,HSK6級,
權衡,HSK6級,
權威,HSK6級,
全局,HSK6級,
全力以赴,HSK6級,
拳頭,HSK6級,
犬,HSK6級,
缺口,HSK6級,
缺席,HSK6級,
缺陷,HSK6級,
瘸,HSK6級,
確保,HSK6級,
確立,HSK6級,
確切,HSK6級,
確信,HSK6級,
羣衆,HSK6級,
染,HSK6級,
嚷,HSK6級,
讓步,HSK6級,
饒恕,HSK6級,
擾亂,HSK6級,
惹禍,HSK6級,
熱淚盈眶,HSK6級,
熱門,HSK6級,
人道,HSK6級,
人格,HSK6級,
人工,HSK6級,
人家,HSK6級,
人間,HSK6級,
人士,HSK6級,
人爲,HSK6級,
人性,HSK6級,
人質,HSK6級,
仁慈,HSK6級,
忍耐,HSK6級,
忍受,HSK6級,
認定,HSK6級,
認可,HSK6級,
任命,HSK6級,
任性,HSK6級,
任意,HSK6級,
任重道遠,HSK6級,
仍舊,HSK6級,
日新月異,HSK6級,
日益,HSK6級,
榮幸,HSK6級,
榮譽,HSK6級,
容貌,HSK6級,
容納,HSK6級,
容器,HSK6級,
容忍,HSK6級,
溶解,HSK6級,
融化,HSK6級,
融洽,HSK6級,
柔和,HSK6級,
揉,HSK6級,
儒家,HSK6級,
若干,HSK6級,
弱點,HSK6級,
撒謊,HSK6級,
散文,HSK6級,
散佈,HSK6級,
散發,HSK6級,
喪失,HSK6級,
騷擾,HSK6級,
嫂子,HSK6級,
剎車,HSK6級,
啥,HSK6級,
篩選,HSK6級,
山脈,HSK6級,
閃爍,HSK6級,
擅長,HSK6級,
擅自,HSK6級,
傷腦筋,HSK6級,
商標,HSK6級,
上級,HSK6級,
上進,HSK6級,
上任,HSK6級,
上癮,HSK6級,
上游,HSK6級,
尚且,HSK6級,
捎,HSK6級,
梢,HSK6級,
哨,HSK6級,
奢侈,HSK6級,
舌頭,HSK6級,
設立,HSK6級,
設想,HSK6級,
設置,HSK6級,
社區,HSK6級,
涉及,HSK6級,
攝氏度,HSK6級,
申報,HSK6級,
呻吟,HSK6級,
紳士,HSK6級,
深奧,HSK6級,
深沉,HSK6級,
深情厚誼,HSK6級,
神經,HSK6級,
神奇,HSK6級,
神氣,HSK6級,
神聖,HSK6級,
神態,HSK6級,
神仙,HSK6級,
審查,HSK6級,
審理,HSK6級,
審美,HSK6級,
審判,HSK6級,
滲透,HSK6級,
慎重,HSK6級,
生存,HSK6級,
生機,HSK6級,
生理,HSK6級,
生疏,HSK6級,
生態,HSK6級,
生物,HSK6級,
生肖,HSK6級,
生效,HSK6級,
生鏽,HSK6級,
生育,HSK6級,
聲明,HSK6級,
聲勢,HSK6級,
聲譽,HSK6級,
牲畜,HSK6級,
省會,HSK6級,
勝負,HSK6級,
盛產,HSK6級,
盛開,HSK6級,
盛情,HSK6級,
盛行,HSK6級,
屍體,HSK6級,
失事,HSK6級,
失誤,HSK6級,
失蹤,HSK6級,
師範,HSK6級,
施加,HSK6級,
施展,HSK6級,
十足,HSK6級,
石油,HSK6級,
時常,HSK6級,
時而,HSK6級,
時光,HSK6級,
時機,HSK6級,
時事,HSK6級,
識別,HSK6級,
實惠,HSK6級,
實力,HSK6級,
實施,HSK6級,
實事求是,HSK6級,
實行,HSK6級,
實質,HSK6級,
拾,HSK6級,
使命,HSK6級,
示範,HSK6級,
示威,HSK6級,
示意,HSK6級,
世代,HSK6級,
勢必,HSK6級,
勢力,HSK6級,
事故,HSK6級,
事蹟,HSK6級,
事件,HSK6級,
事態,HSK6級,
事務,HSK6級,
事項,HSK6級,
事業,HSK6級,
試圖,HSK6級,
試驗,HSK6級,
視力,HSK6級,
視頻,HSK6級,
視線,HSK6級,
視野,HSK6級,
是非,HSK6級,
適宜,HSK6級,
逝世,HSK6級,
釋放,HSK6級,
收藏,HSK6級,
收縮,HSK6級,
收益,HSK6級,
收音機,HSK6級,
手法,HSK6級,
手勢,HSK6級,
手藝,HSK6級,
守護,HSK6級,
首飾,HSK6級,
首要,HSK6級,
受罪,HSK6級,
授予,HSK6級,
書法,HSK6級,
書籍,HSK6級,
書記,HSK6級,
書面,HSK6級,
舒暢,HSK6級,
疏忽,HSK6級,
疏遠,HSK6級,
束,HSK6級,
束縛,HSK6級,
樹立,HSK6級,
豎,HSK6級,
數額,HSK6級,
耍,HSK6級,
衰老,HSK6級,
衰退,HSK6級,
率領,HSK6級,
涮火鍋,HSK6級,
雙胞胎,HSK6級,
爽快,HSK6級,
水利,HSK6級,
水龍頭,HSK6級,
水泥,HSK6級,
瞬間,HSK6級,
司法,HSK6級,
司令,HSK6級,
私自,HSK6級,
思念,HSK6級,
思索,HSK6級,
思維,HSK6級,
斯文,HSK6級,
死亡,HSK6級,
四肢,HSK6級,
寺廟,HSK6級,
飼養,HSK6級,
肆無忌憚,HSK6級,
聳,HSK6級,
艘,HSK6級,
甦醒,HSK6級,
俗話,HSK6級,
訴訟,HSK6級,
素食,HSK6級,
素質,HSK6級,
塑造,HSK6級,
算數,HSK6級,
隨即,HSK6級,
隨意,HSK6級,
歲月,HSK6級,
隧道,HSK6級,
損壞,HSK6級,
索取,HSK6級,
索性,HSK6級,
塌,HSK6級,
踏實,HSK6級,
塔,HSK6級,
颱風,HSK6級,
太空,HSK6級,
泰斗,HSK6級,
貪婪,HSK6級,
貪污,HSK6級,
攤,HSK6級,
癱瘓,HSK6級,
彈性,HSK6級,
坦白,HSK6級,
嘆氣,HSK6級,
探測,HSK6級,
探索,HSK6級,
探討,HSK6級,
探望,HSK6級,
倘若,HSK6級,
掏,HSK6級,
滔滔不絕,HSK6級,
陶瓷,HSK6級,
陶醉,HSK6級,
淘汰,HSK6級,
討好,HSK6級,
特長,HSK6級,
特定,HSK6級,
特意,HSK6級,
提拔,HSK6級,
提煉,HSK6級,
提示,HSK6級,
提議,HSK6級,
題材,HSK6級,
體裁,HSK6級,
體積,HSK6級,
體諒,HSK6級,
體面,HSK6級,
體系,HSK6級,
天才,HSK6級,
天賦,HSK6級,
天倫之樂,HSK6級,
天然氣,HSK6級,
天生,HSK6級,
天堂,HSK6級,
天文,HSK6級,
田徑,HSK6級,
田野,HSK6級,
舔,HSK6級,
挑剔,HSK6級,
條款,HSK6級,
條理,HSK6級,
條約,HSK6級,
調和,HSK6級,
調劑,HSK6級,
調節,HSK6級,
調解,HSK6級,
調料,HSK6級,
挑撥,HSK6級,
挑釁,HSK6級,
跳躍,HSK6級,
亭子,HSK6級,
停泊,HSK6級,
停頓,HSK6級,
停滯,HSK6級,
挺拔,HSK6級,
通貨膨脹,HSK6級,
通緝,HSK6級,
通俗,HSK6級,
通訊,HSK6級,
通用,HSK6級,
同胞,HSK6級,
同志,HSK6級,
銅,HSK6級,
童話,HSK6級,
統籌兼顧,HSK6級,
統計,HSK6級,
統統,HSK6級,
統治,HSK6級,
投機,HSK6級,
投票,HSK6級,
投訴,HSK6級,
投降,HSK6級,
投擲,HSK6級,
透露,HSK6級,
禿,HSK6級,
突破,HSK6級,
圖案,HSK6級,
徒弟,HSK6級,
途徑,HSK6級,
塗抹,HSK6級,
土壤,HSK6級,
團結,HSK6級,
團體,HSK6級,
團圓,HSK6級,
推測,HSK6級,
推翻,HSK6級,
推理,HSK6級,
推論,HSK6級,
推銷,HSK6級,
吞吞吐吐,HSK6級,
託運,HSK6級,
拖延,HSK6級,
脫離,HSK6級,
妥當,HSK6級,
妥善,HSK6級,
妥協,HSK6級,
橢圓,HSK6級,
唾棄,HSK6級,
挖掘,HSK6級,
哇,HSK6級,
娃娃,HSK6級,
瓦解,HSK6級,
歪曲,HSK6級,
外表,HSK6級,
外行,HSK6級,
外界,HSK6級,
外向,HSK6級,
丸,HSK6級,
完備,HSK6級,
完畢,HSK6級,
玩弄,HSK6級,
玩意兒,HSK6級,
頑固,HSK6級,
頑強,HSK6級,
挽回,HSK6級,
挽救,HSK6級,
惋惜,HSK6級,
萬分,HSK6級,
往常,HSK6級,
往事,HSK6級,
妄想,HSK6級,
危機,HSK6級,
威風,HSK6級,
威力,HSK6級,
威望,HSK6級,
威信,HSK6級,
微不足道,HSK6級,
微觀,HSK6級,
爲難,HSK6級,
爲期,HSK6級,
違背,HSK6級,
唯獨,HSK6級,
維持,HSK6級,
維護,HSK6級,
維生素,HSK6級,
僞造,HSK6級,
委託,HSK6級,
委員,HSK6級,
衛星,HSK6級,
未免,HSK6級,
畏懼,HSK6級,
蔚藍,HSK6級,
慰問,HSK6級,
溫帶,HSK6級,
溫和,HSK6級,
文憑,HSK6級,
文物,HSK6級,
文獻,HSK6級,
文雅,HSK6級,
文藝,HSK6級,
問世,HSK6級,
窩,HSK6級,
烏黑,HSK6級,
污衊,HSK6級,
誣陷,HSK6級,
無比,HSK6級,
無償,HSK6級,
無恥,HSK6級,
無動於衷,HSK6級,
無非,HSK6級,
無辜,HSK6級,
無精打采,HSK6級,
無賴,HSK6級,
無理取鬧,HSK6級,
無能爲力,HSK6級,
無窮無盡,HSK6級,
無微不至,HSK6級,
無憂無慮,HSK6級,
無知,HSK6級,
武器,HSK6級,
武俠,HSK6級,
武裝,HSK6級,
侮辱,HSK6級,
舞蹈,HSK6級,
務必,HSK6級,
物美價廉,HSK6級,
物業,HSK6級,
物資,HSK6級,
誤差,HSK6級,
誤解,HSK6級,
夕陽,HSK6級,
昔日,HSK6級,
犧牲,HSK6級,
溪,HSK6級,
熄滅,HSK6級,
膝蓋,HSK6級,
習俗,HSK6級,
襲擊,HSK6級,
媳婦,HSK6級,
喜聞樂見,HSK6級,
喜悅,HSK6級,
系列,HSK6級,
細胞,HSK6級,
細菌,HSK6級,
細緻,HSK6級,
峽谷,HSK6級,
狹隘,HSK6級,
狹窄,HSK6級,
霞,HSK6級,
下屬,HSK6級,
先進,HSK6級,
先前,HSK6級,
纖維,HSK6級,
掀起,HSK6級,
鮮明,HSK6級,
閒話,HSK6級,
賢惠,HSK6級,
弦,HSK6級,
銜接,HSK6級,
嫌,HSK6級,
嫌疑,HSK6級,
顯著,HSK6級,
現場,HSK6級,
現成,HSK6級,
現狀,HSK6級,
線索,HSK6級,
憲法,HSK6級,
陷害,HSK6級,
陷阱,HSK6級,
陷入,HSK6級,
餡兒,HSK6級,
鄉鎮,HSK6級,
相差,HSK6級,
相等,HSK6級,
相輔相成,HSK6級,
相應,HSK6級,
鑲嵌,HSK6級,
響亮,HSK6級,
響應,HSK6級,
想方設法,HSK6級,
嚮導,HSK6級,
向來,HSK6級,
嚮往,HSK6級,
巷,HSK6級,
相聲,HSK6級,
削,HSK6級,
消除,HSK6級,
消毒,HSK6級,
消防,HSK6級,
消耗,HSK6級,
消滅,HSK6級,
銷燬,HSK6級,
瀟灑,HSK6級,
小心翼翼,HSK6級,
肖像,HSK6級,
效益,HSK6級,
協會,HSK6級,
協商,HSK6級,
協調,HSK6級,
協議,HSK6級,
協助,HSK6級,
攜帶,HSK6級,
泄露,HSK6級,
泄氣,HSK6級,
屑,HSK6級,
謝絕,HSK6級,
心得,HSK6級,
心甘情願,HSK6級,
心靈,HSK6級,
心態,HSK6級,
心疼,HSK6級,
心血,HSK6級,
心眼兒,HSK6級,
辛勤,HSK6級,
欣慰,HSK6級,
欣欣向榮,HSK6級,
新陳代謝,HSK6級,
新郎,HSK6級,
新娘,HSK6級,
新穎,HSK6級,
薪水,HSK6級,
信賴,HSK6級,
信念,HSK6級,
信仰,HSK6級,
信譽,HSK6級,
興隆,HSK6級,
興旺,HSK6級,
腥,HSK6級,
刑事,HSK6級,
行政,HSK6級,
形態,HSK6級,
興高采烈,HSK6級,
興致勃勃,HSK6級,
性感,HSK6級,
性命,HSK6級,
性能,HSK6級,
兇惡,HSK6級,
兇手,HSK6級,
洶湧,HSK6級,
胸懷,HSK6級,
胸膛,HSK6級,
雄厚,HSK6級,
雄偉,HSK6級,
修復,HSK6級,
修建,HSK6級,
修養,HSK6級,
羞恥,HSK6級,
繡,HSK6級,
嗅覺,HSK6級,
須知,HSK6級,
虛假,HSK6級,
虛榮,HSK6級,
虛僞,HSK6級,
需求,HSK6級,
許可,HSK6級,
序言,HSK6級,
畜牧,HSK6級,
酗酒,HSK6級,
宣誓,HSK6級,
宣揚,HSK6級,
喧譁,HSK6級,
懸掛,HSK6級,
懸念,HSK6級,
懸殊,HSK6級,
懸崖峭壁,HSK6級,
旋律,HSK6級,
旋轉,HSK6級,
選拔,HSK6級,
選舉,HSK6級,
選手,HSK6級,
炫耀,HSK6級,
削弱,HSK6級,
學說,HSK6級,
學位,HSK6級,
雪上加霜,HSK6級,
血壓,HSK6級,
薰陶,HSK6級,
尋覓,HSK6級,
巡邏,HSK6級,
循環,HSK6級,
循序漸進,HSK6級,
壓迫,HSK6級,
壓歲錢,HSK6級,
壓縮,HSK6級,
壓抑,HSK6級,
壓榨,HSK6級,
壓制,HSK6級,
鴉雀無聲,HSK6級,
亞軍,HSK6級,
煙花爆竹,HSK6級,
淹沒,HSK6級,
延期,HSK6級,
延伸,HSK6級,
延續,HSK6級,
嚴寒,HSK6級,
嚴禁,HSK6級,
嚴峻,HSK6級,
嚴厲,HSK6級,
嚴密,HSK6級,
言論,HSK6級,
岩石,HSK6級,
炎熱,HSK6級,
沿海,HSK6級,
掩蓋,HSK6級,
掩護,HSK6級,
掩飾,HSK6級,
眼光,HSK6級,
眼色,HSK6級,
眼神,HSK6級,
演變,HSK6級,
演習,HSK6級,
演繹,HSK6級,
演奏,HSK6級,
厭惡,HSK6級,
驗收,HSK6級,
驗證,HSK6級,
氧氣,HSK6級,
樣品,HSK6級,
謠言,HSK6級,
搖擺,HSK6級,
搖滾,HSK6級,
遙控,HSK6級,
遙遠,HSK6級,
要點,HSK6級,
要命,HSK6級,
要素,HSK6級,
耀眼,HSK6級,
野蠻,HSK6級,
野心,HSK6級,
液體,HSK6級,
一度,HSK6級,
一帆風順,HSK6級,
一貫,HSK6級,
一舉兩得,HSK6級,
一流,HSK6級,
一目瞭然,HSK6級,
一如既往,HSK6級,
一絲不苟,HSK6級,
一向,HSK6級,
衣裳,HSK6級,
依舊,HSK6級,
依據,HSK6級,
依靠,HSK6級,
依賴,HSK6級,
依託,HSK6級,
儀器,HSK6級,
儀式,HSK6級,
遺產,HSK6級,
遺傳,HSK6級,
遺留,HSK6級,
遺失,HSK6級,
疑惑,HSK6級,
以便,HSK6級,
以免,HSK6級,
以往,HSK6級,
以至,HSK6級,
以致,HSK6級,
亦,HSK6級,
異常,HSK6級,
意料,HSK6級,
意識,HSK6級,
意圖,HSK6級,
意味着,HSK6級,
意向,HSK6級,
意志,HSK6級,
毅力,HSK6級,
毅然,HSK6級,
翼,HSK6級,
陰謀,HSK6級,
音響,HSK6級,
引導,HSK6級,
引擎,HSK6級,
引用,HSK6級,
飲食,HSK6級,
隱蔽,HSK6級,
隱患,HSK6級,
隱瞞,HSK6級,
隱私,HSK6級,
隱約,HSK6級,
英明,HSK6級,
英勇,HSK6級,
嬰兒,HSK6級,
迎面,HSK6級,
盈利,HSK6級,
應酬,HSK6級,
應邀,HSK6級,
擁護,HSK6級,
擁有,HSK6級,
庸俗,HSK6級,
永恆,HSK6級,
勇於,HSK6級,
湧現,HSK6級,
踊躍,HSK6級,
用戶,HSK6級,
優勝劣汰,HSK6級,
優先,HSK6級,
優異,HSK6級,
優越,HSK6級,
憂鬱,HSK6級,
猶如,HSK6級,
油膩,HSK6級,
油漆,HSK6級,
有條不紊,HSK6級,
幼稚,HSK6級,
誘惑,HSK6級,
漁民,HSK6級,
愚蠢,HSK6級,
愚昧,HSK6級,
輿論,HSK6級,
與日俱增,HSK6級,
宇宙,HSK6級,
羽絨服,HSK6級,
玉,HSK6級,
預料,HSK6級,
預期,HSK6級,
預算,HSK6級,
預先,HSK6級,
預言,HSK6級,
預兆,HSK6級,
慾望,HSK6級,
寓言,HSK6級,
愈,HSK6級,
冤枉,HSK6級,
元首,HSK6級,
元素,HSK6級,
元宵節,HSK6級,
園林,HSK6級,
原告,HSK6級,
原理,HSK6級,
原始,HSK6級,
原先,HSK6級,
圓滿,HSK6級,
緣故,HSK6級,
源泉,HSK6級,
約束,HSK6級,
樂譜,HSK6級,
岳母,HSK6級,
孕育,HSK6級,
運算,HSK6級,
運行,HSK6級,
醞釀,HSK6級,
蘊藏,HSK6級,
熨,HSK6級,
雜技,HSK6級,
雜交,HSK6級,
砸,HSK6級,
咋,HSK6級,
災難,HSK6級,
栽培,HSK6級,
宰,HSK6級,
再接再厲,HSK6級,
在意,HSK6級,
攢,HSK6級,
暫且,HSK6級,
讚歎,HSK6級,
贊助,HSK6級,
遭受,HSK6級,
遭殃,HSK6級,
遭遇,HSK6級,
糟蹋,HSK6級,
造型,HSK6級,
噪音,HSK6級,
責怪,HSK6級,
賊,HSK6級,
增添,HSK6級,
贈送,HSK6級,
扎,HSK6級,
紮實,HSK6級,
渣,HSK6級,
眨,HSK6級,
詐騙,HSK6級,
摘要,HSK6級,
債券,HSK6級,
沾光,HSK6級,
瞻仰,HSK6級,
斬釘截鐵,HSK6級,
展示,HSK6級,
展望,HSK6級,
展現,HSK6級,
嶄新,HSK6級,
佔據,HSK6級,
佔領,HSK6級,
戰鬥,HSK6級,
戰略,HSK6級,
戰術,HSK6級,
戰役,HSK6級,
章程,HSK6級,
帳篷,HSK6級,
障礙,HSK6級,
招標,HSK6級,
招收,HSK6級,
朝氣蓬勃,HSK6級,
着迷,HSK6級,
沼澤,HSK6級,
照樣,HSK6級,
照耀,HSK6級,
折騰,HSK6級,
遮擋,HSK6級,
折,HSK6級,
折磨,HSK6級,
偵探,HSK6級,
珍貴,HSK6級,
珍稀,HSK6級,
珍珠,HSK6級,
真理,HSK6級,
真相,HSK6級,
真摯,HSK6級,
斟酌,HSK6級,
枕頭,HSK6級,
陣地,HSK6級,
陣容,HSK6級,
振奮,HSK6級,
振興,HSK6級,
震撼,HSK6級,
震驚,HSK6級,
鎮定,HSK6級,
鎮靜,HSK6級,
正月,HSK6級,
爭端,HSK6級,
爭奪,HSK6級,
爭氣,HSK6級,
爭先恐後,HSK6級,
爭議,HSK6級,
征服,HSK6級,
徵收,HSK6級,
掙扎,HSK6級,
蒸發,HSK6級,
整頓,HSK6級,
正當,HSK6級,
正負,HSK6級,
正規,HSK6級,
正經,HSK6級,
正氣,HSK6級,
正義,HSK6級,
正宗,HSK6級,
證實,HSK6級,
證書,HSK6級,
鄭重,HSK6級,
政策,HSK6級,
政權,HSK6級,
症狀,HSK6級,
之際,HSK6級,
支撐,HSK6級,
支出,HSK6級,
支流,HSK6級,
支配,HSK6級,
支援,HSK6級,
支柱,HSK6級,
枝,HSK6級,
知覺,HSK6級,
知足常樂,HSK6級,
脂肪,HSK6級,
執行,HSK6級,
執着,HSK6級,
直播,HSK6級,
直徑,HSK6級,
侄子,HSK6級,
值班,HSK6級,
職能,HSK6級,
職位,HSK6級,
職務,HSK6級,
殖民地,HSK6級,
指標,HSK6級,
指定,HSK6級,
指甲,HSK6級,
指令,HSK6級,
指南針,HSK6級,
指示,HSK6級,
指望,HSK6級,
指責,HSK6級,
志氣,HSK6級,
制裁,HSK6級,
制服,HSK6級,
制約,HSK6級,
制止,HSK6級,
治安,HSK6級,
治理,HSK6級,
致辭,HSK6級,
致力,HSK6級,
致使,HSK6級,
智力,HSK6級,
智能,HSK6級,
智商,HSK6級,
滯留,HSK6級,
中斷,HSK6級,
中立,HSK6級,
中央,HSK6級,
忠誠,HSK6級,
忠實,HSK6級,
終點,HSK6級,
終究,HSK6級,
終身,HSK6級,
終止,HSK6級,
衷心,HSK6級,
腫瘤,HSK6級,
種子,HSK6級,
種族,HSK6級,
衆所周知,HSK6級,
種植,HSK6級,
重心,HSK6級,
舟,HSK6級,
州,HSK6級,
周邊,HSK6級,
周密,HSK6級,
週年,HSK6級,
週期,HSK6級,
周折,HSK6級,
週轉,HSK6級,
粥,HSK6級,
晝夜,HSK6級,
皺紋,HSK6級,
株,HSK6級,
諸位,HSK6級,
逐年,HSK6級,
主辦,HSK6級,
主導,HSK6級,
主管,HSK6級,
主流,HSK6級,
主權,HSK6級,
主義,HSK6級,
拄,HSK6級,
囑咐,HSK6級,
助理,HSK6級,
助手,HSK6級,
住宅,HSK6級,
注射,HSK6級,
注視,HSK6級,
註釋,HSK6級,
注重,HSK6級,
駐紮,HSK6級,
著作,HSK6級,
鑄造,HSK6級,
拽,HSK6級,
專長,HSK6級,
專程,HSK6級,
專利,HSK6級,
專題,HSK6級,
磚,HSK6級,
轉達,HSK6級,
轉讓,HSK6級,
轉移,HSK6級,
轉折,HSK6級,
傳記,HSK6級,
莊稼,HSK6級,
莊嚴,HSK6級,
莊重,HSK6級,
裝備,HSK6級,
裝卸,HSK6級,
壯觀,HSK6級,
壯麗,HSK6級,
壯烈,HSK6級,
幢,HSK6級,
追悼,HSK6級,
追究,HSK6級,
墜,HSK6級,
準則,HSK6級,
卓越,HSK6級,
着手,HSK6級,
着想,HSK6級,
着重,HSK6級,
姿態,HSK6級,
資本,HSK6級,
資產,HSK6級,
資深,HSK6級,
資助,HSK6級,
滋潤,HSK6級,
滋味,HSK6級,
子彈,HSK6級,
自卑,HSK6級,
自發,HSK6級,
自力更生,HSK6級,
自滿,HSK6級,
自主,HSK6級,
宗教,HSK6級,
宗旨,HSK6級,
棕色,HSK6級,
蹤跡,HSK6級,
總而言之,HSK6級,
總和,HSK6級,
縱橫,HSK6級,
走廊,HSK6級,
走漏,HSK6級,
走私,HSK6級,
揍,HSK6級,
租賃,HSK6級,
足以,HSK6級,
阻礙,HSK6級,
阻攔,HSK6級,
阻撓,HSK6級,
祖父,HSK6級,
祖國,HSK6級,
祖先,HSK6級,
鑽研,HSK6級,
鑽石,HSK6級,
嘴脣,HSK6級,
罪犯,HSK6級,
尊嚴,HSK6級,
遵循,HSK6級,
琢磨,HSK6級,
作弊,HSK6級,
作廢,HSK6級,
作風,HSK6級,
作息,HSK6級,
座右銘,HSK6級,
做主,HSK6級,
